final_ID,leaf_sample,Subplot,Species,leaf_area_cm2,leaf_mass_g,LMA_gm2,Year
2784,1,A01E,acpe,188.4,0.4764,25.2866242,2018
4019,1,A01E,acpe,44.26,0.1001,22.61635789,2018
4020,1,A01E,acpe,192.95,0.4872,25.25006478,2018
4022,1,A01E,acpe,90.83,0.2366,26.04866234,2018
2835,1,A01E,acpe,176.1,0.3799,21.5729699,2018
2836,1,A01E,acpe,246.88,0.6031,24.42887233,2018
2838,1,A01E,acpe,170.88,0.3795,22.20856742,2018
4025,1,A01E,acpe,181.52,0.4404,24.26178933,2018
4026,1,A01E,acpe,123.93,0.2984,24.07810861,2018
4027,1,A01E,acpe,221.63,0.5947,26.83300997,2018
4023,1,A01E,fagr,61.16,0.1564,25.57226946,2018
4024,1,A01E,fagr,53.89,0.126,23.38096122,2018
4032,1,A01W,acpe,57.88,0.1624,28.05805114,2018
4035,1,A01W,acpe,222.56,0.6228,27.98346513,2018
2881,1,A01W,fagr,60.57,0.161,26.58081559,2018
2880,1,A01W,fagr,54.29,0.1429,26.32160619,2018
2883,1,A01W,fagr,50.13,0.1167,23.27947337,2018
2907,1,A01W,fagr,34.97,0.0799,22.84815556,2018
2906,1,A01W,fagr,94.72,0.2496,26.35135135,2018
4030,1,A01W,fagr,62.25,0.1685,27.06827309,2018
2934,1,A01W,fagr,68.38,0.1694,24.77332553,2018
4033,1,A01W,fagr,66.33,0.1881,28.35820896,2018
4036,1,A01W,fagr,88.94,0.2338,26.28738475,2018
4037,1,A01W,fagr,31.32,0.0882,28.16091954,2018
3092,1,A02E,acpe,66.44,0.1766,26.58037327,2018
3165,1,A02E,acpe,144.26,0.4278,29.65478996,2018
3249,1,A02E,acpe,99.08,0.2703,27.28098506,2018
3250,1,A02E,acpe,46.96,0.1239,26.38415673,2018
3252,1,A02E,acpe,142.89,0.4486,31.3947792,2018
3253,1,A02E,acpe,54.14,0.1887,34.85408201,2018
3254,1,A02E,acpe,39.47,0.094,23.81555612,2018
3246,1,A02E,acsa,68.94,0.176,25.52944589,2018
3089,1,A02E,fagr,38.48,0.0765,19.88045738,2018
3090,1,A02E,fagr,68.27,0.151,22.11806064,2018
3247,1,A02E,fagr,49.74,0.1297,26.07559308,2018
3248,1,A02E,fagr,35.29,0.1063,30.12184755,2018
3000,1,A02W,acpe,147.16,0.3622,24.61266649,2018
3001,1,A02W,acpe,92.88,0.2436,26.22739018,2018
4040,1,A02W,acpe,109.02,0.2556,23.44523941,2018
4041,1,A02W,acpe,192.32,0.4509,23.4452995,2018
4042,1,A02W,acpe,26.9,0.0745,27.69516729,2018
4043,1,A02W,acpe,23.42,0.0648,27.66865927,2018
4050,1,A02W,acpe,67.26,0.2333,34.686292,2018
4051,1,A02W,acpe,26.85,0.0896,33.37057728,2018
4052,1,A02W,acpe,99.39,0.3244,32.6390985,2018
4046,1,A02W,fagr,60.71,0.1953,32.1693296,2018
4047,1,A02W,fagr,76,0.2139,28.14473684,2018
4048,1,A02W,fagr,73.29,0.2576,35.14804202,2018
4002,1,A03E,acpe,203.84,0.6277,30.79375981,2018
3995,1,A03E,acsa,54.57,0.1443,26.4431006,2018
3996,1,A03E,fagr,40.65,0.101,24.84624846,2018
3997,1,A03E,fagr,57.04,0.1345,23.5799439,2018
3999,1,A03E,fagr,38.9,0.1067,27.42930591,2018
4000,1,A03E,fagr,50.47,0.1285,25.4606697,2018
2508,1,A03E,fagr,72.72,0.2285,31.42189219,2018
4003,1,A03E,fagr,63.03,0.154,24.43280977,2018
4004,1,A03E,fagr,80.38,0.2986,37.14854441,2018
2554,1,A03E,fagr,66.59,0.1661,24.94368524,2018
2552,1,A03E,fagr,42.85,0.0969,22.61376896,2018
2553,1,A03E,fagr,58.22,0.1645,28.25489523,2018
4006,1,A03W,acpe,210.31,0.657,31.23959869,2018
2388,1,A03W,acpe,45.27,0.102,22.5314778,2018
4009,1,A03W,acpe,166.96,0.516,30.90560613,2018
2362,1,A03W,fagr,73.67,0.2021,27.43314782,2018
4007,1,A03W,fagr,46.48,0.1228,26.41996558,2018
4010,1,A03W,fagr,37.8,0.1019,26.95767196,2018
4011,1,A03W,fagr,50.65,0.1575,31.09575518,2018
4012,1,A03W,fagr,24.9,0.0649,26.06425703,2018
4013,1,A03W,fagr,61.93,0.1745,28.176974,2018
4015,1,A03W,fagr,51.54,0.1296,25.14551804,2018
4016,1,A03W,fagr,44.19,0.1067,24.14573433,2018
4017,1,A03W,fagr,74.26,0.1722,23.18879612,2018
2684,1,A04E,acpe,35.34,0.0971,27.47594793,2018
4066,1,A04E,acpe,60.08,0.1799,29.94340879,2018
4067,1,A04E,acpe,66.52,0.1845,27.73601924,2018
2733,1,A04E,acpe,92.83,0.2216,23.87159323,2018
4071,1,A04E,acpe,70.4,0.1904,27.04545455,2018
4072,1,A04E,acpe,52.25,0.1116,21.35885167,2018
4073,1,A04E,acpe,210.09,0.5694,27.10267028,2018
4074,1,A04E,acpe,94.68,0.2425,25.61258978,2018
2708,1,A04E,fagr,50.62,0.1204,23.78506519,2018
2709,1,A04E,fagr,65.16,0.171,26.24309392,2018
2718,1,A04E,fagr,62.29,0.1434,23.02135174,2018
2760,1,A04E,fagr,59.53,0.1617,27.16277507,2018
2643,1,A04W,acsa,73.72,0.2045,27.74009767,2018
4055,1,A04W,fagr,79.46,0.1657,20.8532595,2018
2593,1,A04W,fagr,103.66,0.2327,22.44838896,2018
4056,1,A04W,fagr,64.56,0.1774,27.47831475,2018
4058,1,A04W,fagr,60.98,0.153,25.09019351,2018
4059,1,A04W,fagr,87.5,0.2197,25.10857143,2018
4060,1,A04W,fagr,53.25,0.1154,21.6713615,2018
2647,1,A04W,fagr,57.07,0.1424,24.95181356,2018
4062,1,A04W,fagr,78.04,0.1725,22.10404921,2018
4063,1,A04W,fagr,71.22,0.1792,25.1614715,2018
2668,1,A04W,fagr,47.74,0.111,23.25094261,2018
4064,1,A04W,fagr,63.01,0.1343,21.31407713,2018
4095,1,B01E,acpe,260.65,0.82208,31.53961251,2018
1742,1,B01E,acpe,224.71,0.6752,30.04761693,2018
4099,1,B01E,amel,13.92,0.04725,33.94396552,2018
1663,1,B01E,fagr,62.15,0.17397,27.99195495,2018
4100,1,B01E,fagr,97.63,0.25428,26.04527297,2018
4102,1,B01E,fagr,69.05,0.19132,27.70745836,2018
4101,1,B01E,fagr,42.72,0.12951,30.31601124,2018
4096,1,B01E,fagr,76.72,0.20549,26.78441084,2018
4097,1,B01E,fagr,47.54,0.11645,24.49516197,2018
1741,1,B01E,fagr,64.72,0.17548,27.11372064,2018
4098,1,B01E,fagr,66.55,0.17595,26.43876784,2018
1680,1,B01E,quru,167.88,0.8817,52.5196569,2018
4103,1,B01W,acpe,183.57,0.56395,30.72125075,2018
1594,1,B01W,acru,29.48,0.11424,38.75169607,2018
1592,1,B01W,acru,40.27,0.14015,34.80258257,2018
4104,1,B01W,fagr,78.6,0.18716,23.81170483,2018
4105,1,B01W,fagr,69.28,0.16992,24.52655889,2018
1595,1,B01W,fagr,66.84,0.17561,26.27318971,2018
1627,1,B01W,fagr,41.33,0.08696,21.04040648,2018
1631,1,B01W,fagr,36.95,0.10127,27.40730717,2018
1628,1,B01W,fagr,51.24,0.12027,23.47189696,2018
1647,1,B01W,fagr,80.48,0.18536,23.03180915,2018
1649,1,B01W,fagr,105.15,0.26522,25.22301474,2018
4106,1,B01W,fagr,39.34,0.088553,22.50965938,2018
1780,1,B02W,acpe,241.61,0.6821,28.23144737,2018
4083,1,B02W,acpe,72.95,0.2296,31.47361206,2018
4076,1,B02W,acpe,230.59,0.6353,27.55106466,2018
4084,1,B02W,amel,27.64,0.0978,35.38350217,2018
1756,1,B02W,fagr,60.98,0.1783,29.23909479,2018
1755,1,B02W,fagr,54.84,0.1357,24.74471189,2018
1752,1,B02W,fagr,54.17,0.1346,24.84770168,2018
4080,1,B02W,fagr,60.18,0.154,25.58989698,2018
4077,1,B02W,fagr,52.61,0.1246,23.68371032,2018
1834,1,B02W,fagr,69.45,0.1747,25.15478762,2018
4078,1,B02W,fagr,57.6,0.161,27.95138889,2018
4082,1,B02W,fagr,59.69,0.151,25.29736974,2018
4079,1,B02E,acpe,52.22,0.1536,29.41401762,2018
1884,1,B02E,acpe,128.3,0.3965,30.90413094,2018
4094,1,B02E,acpe,170.36,0.4599,26.99577366,2018
4085,1,B02E,fagr,57.12,0.1565,27.39845938,2018
4087,1,B02E,fagr,69.41,0.1737,25.02521251,2018
4088,1,B02E,fagr,52.06,0.1236,23.74183634,2018
4089,1,B02E,fagr,59.27,0.1735,29.2728193,2018
4090,1,B02E,fagr,55.64,0.1984,35.65780014,2018
4091,1,B02E,fagr,42.09,0.1188,28.22523165,2018
4092,1,B02E,fagr,46.51,0.1229,26.42442485,2018
1949,1,B02E,fagr,55.57,0.152,27.35288825,2018
4093,1,B02E,fagr,84.71,0.1903,22.46488018,2018
2061,1,B03W,acpe,50.5,0.1842,36.47524752,2018
3278,1,B03W,acru,36.84,0.1383,37.54071661,2018
1968,1,B03W,fagr,65.33,0.1675,25.63906322,2018
3272,1,B03W,fagr,64.13,0.145,22.61032278,2018
3273,1,B03W,fagr,75.46,0.2071,27.44500398,2018
2003,1,B03W,fagr,55.33,0.1566,28.30290981,2018
3276,1,B03W,fagr,57.69,0.14,24.26763737,2018
3277,1,B03W,fagr,78.93,0.1964,24.88280755,2018
3279,1,B03W,fagr,80.89,0.2481,30.67128199,2018
3280,1,B03W,fagr,49.06,0.2045,41.68365267,2018
2062,1,B03W,fagr,80.68,0.2104,26.07833416,2018
2060,1,B03W,fagr,103.63,0.2978,28.73685226,2018
3261,1,B03E,acpe,202.32,0.8629,42.65025702,2018
2130,1,B03E,acru,62.15,0.2283,36.73370877,2018
3270,1,B03E,acru,63,0.2002,31.77777778,2018
3257,1,B03E,fagr,33.09,0.0885,26.74524025,2018
3258,1,B03E,fagr,75.37,0.2369,31.43160409,2018
3259,1,B03E,fagr,59.26,0.154,25.98717516,2018
3262,1,B03E,fagr,61.36,0.1591,25.92894394,2018
3263,1,B03E,fagr,45.68,0.1403,30.71366025,2018
3265,1,B03E,fagr,50.61,0.1431,28.27504446,2018
3266,1,B03E,fagr,25.61,0.0801,31.27684498,2018
3267,1,B03E,fagr,75.9,0.1888,24.87483531,2018
3271,1,B03E,fagr,53.79,0.1381,25.67391708,2018
2263,1,B04E,acpe,71.88,0.1819,25.30606566,2018
2262,1,B04E,acpe,116.36,0.3443,29.58920591,2018
4108,1,B04E,acpe,266.06,1.3869,52.1273397,2018
4111,1,B04E,acpe,296.53,1.0687,36.04019829,2018
2334,1,B04E,acpe,128.04,0.3074,24.00812246,2018
4112,1,B04E,acru,70.9,0.2839,40.04231312,2018
2311,1,B04E,acru,73.26,0.2986,40.75894076,2018
4107,1,B04E,fagr,42.96,0.1265,29.44599628,2018
4109,1,B04E,fagr,64.04,0.2204,34.41599001,2018
4110,1,B04E,fagr,51.06,0.1578,30.90481786,2018
4113,1,B04E,fagr,52.7,0.1533,29.08918406,2018
4114,1,B04E,fagr,34.57,0.0981,28.37720567,2018
2226,1,B04W,acpe,192.79,0.5646,29.28575134,2018
2227,1,B04W,acpe,198.27,0.5506,27.77021234,2018
2228,1,B04W,acpe,85.75,0.2576,30.04081633,2018
4124,1,B04W,acru,45.9,0.1678,36.5577342,2018
4125,1,B04W,acru,69.29,0.289,41.70876028,2018
4123,1,B04W,acru,62.24,0.2328,37.40359897,2018
4120,1,B04W,acru,67.27,0.2364,35.14196521,2018
4122,1,B04W,fagr,48.14,0.1385,28.77025343,2018
2206,1,B04W,fagr,48.52,0.1105,22.77411377,2018
4126,1,B04W,fagr,39.79,0.1061,26.6649912,2018
4121,1,B04W,quru,47.94,0.173,36.08677514,2018
4127,1,B04W,quru,25.23,0.0789,31.27229489,2018
3959,1,C01E,fagr,59.43,0.1529,25.72774693,2018
775,1,C01E,fagr,93.06,0.31,33.31184182,2018
3962,1,C01E,fagr,51.49,0.1404,27.26743057,2018
3963,1,C01E,fagr,70.85,0.192,27.099506,2018
806,1,C01E,fagr,86.81,0.311,35.82536574,2018
805,1,C01E,fagr,57.48,0.1775,30.88030619,2018
3966,1,C01E,fagr,60.76,0.1918,31.56682028,2018
736,1,C01E,pist,1.33,0.0115,86.46616541,2018
737,1,C01E,pist,1.359,0.0077,56.65930831,2018
3958,1,C01E,pist,1.541,0.0119,77.22258274,2018
3960,1,C01E,pist,1.409,0.0108,76.65010646,2018
3961,1,C01E,pist,1.154,0.0114,98.78682842,2018
879,1,C01W,acru,52.71,0.2327,44.14722064,2018
3950,1,C01W,amel,24.35,0.1057,43.40862423,2018
3951,1,C01W,fagr,71.93,0.2554,35.50674267,2018
3953,1,C01W,fagr,56.97,0.1823,31.99929788,2018
3954,1,C01W,fagr,40.93,0.1112,27.16833618,2018
3942,1,C01W,fagr,36.09,0.1232,34.13688002,2018
3943,1,C01W,fagr,46.17,0.1472,31.88217457,2018
3944,1,C01W,fagr,78.62,0.2663,33.87178835,2018
3948,1,C01W,fagr,45.91,0.1788,38.94576345,2018
3949,1,C01W,fagr,66.34,0.2351,35.43864938,2018
3955,1,C01W,quru,177.22,1.0768,60.7606365,2018
3947,1,C01W,quru,110.17,0.4927,44.72179359,2018
3980,1,C02E,acpe,182.12,0.5331,29.27190863,2018
3985,1,C02E,acpe,171.59,0.466,27.15775978,2018
3986,1,C02E,acpe,247.18,0.6438,26.04579659,2018
3988,1,C02E,acpe,124.35,0.3368,27.08484117,2018
3989,1,C02E,acpe,144.89,0.3681,25.40548002,2018
3990,1,C02E,acpe,45.94,0.1426,31.04048759,2018
3991,1,C02E,acpe,44.74,0.1402,31.33661153,2018
3992,1,C02E,acpe,335.29,1.0095,30.10826449,2018
3993,1,C02E,acpe,161.77,0.5427,33.54762935,2018
3981,1,C02E,pist,1.237,0.0078,63.05578011,2018
3982,1,C02E,pist,1.478,0.011,74.42489851,2018
3987,1,C02E,pist,1.383,0.0104,75.19884309,2018
1102,1,C02E,pist,1.447,0.0105,72.56392536,2018
1101,1,C02E,pist,1.302,0.0086,66.05222734,2018
3968,1,C02W,acpe,170.78,0.4925,28.83827146,2018
934,1,C02W,acpe,250.71,0.8742,34.86897212,2018
3976,1,C02W,acpe,162.46,0.4858,29.90274529,2018
931,1,C02W,acru,64.24,0.2726,42.43462017,2018
3977,1,C02W,amel,15.86,0.0522,32.91298865,2018
3969,1,C02W,fagr,37.27,0.1012,27.15320633,2018
3973,1,C02W,fagr,43.37,0.1108,25.54761356,2018
966,1,C02W,fagr,53.91,0.1468,27.23056947,2018
3974,1,C02W,fagr,92.89,0.24,25.83701152,2018
3978,1,C02W,fagr,43.51,0.1172,26.93633647,2018
3979,1,C02W,fagr,58.97,0.2018,34.22079023,2018
3970,1,C02W,pist,1.471,0.0128,87.01563562,2018
1274,1,C03E,acpe,126.75,0.31761,25.05798817,2018
1273,1,C03E,acpe,178.97,0.486,27.15538917,2018
1272,1,C03E,acpe,40.33,0.0877,21.74559881,2018
3181,1,C03E,acpe,256.51,0.7861,30.64597871,2018
3184,1,C03E,acpe,108.86,0.2794,25.66599302,2018
3185,1,C03E,acpe,64.99,0.15,23.08047392,2018
3186,1,C03E,acpe,231.12,0.6227,26.94271374,2018
1295,1,C03E,fagr,57.19,0.2098,36.68473509,2018
3179,1,C03E,fagr,70.83,0.1946,27.47423408,2018
1292,1,C03E,fagr,53.91,0.1617,29.99443517,2018
3182,1,C03E,fagr,64.68,0.1914,29.59183673,2018
3183,1,C03E,fagr,62.24,0.1641,26.36568123,2018
3166,1,C03W,acpe,167.2,0.4327,25.8791866,2018
3167,1,C03W,acpe,121.88,0.2827,23.19494585,2018
3168,1,C03W,acpe,108.71,0.26347,24.23604084,2018
3169,1,C03W,acpe,131.28,0.33711,25.67870201,2018
3173,1,C03W,acpe,146.82,0.40668,27.69922354,2018
3175,1,C03W,acpe,76.5,0.17091,22.34117647,2018
1198,1,C03W,fagr,61.62,0.15646,25.39110678,2018
3170,1,C03W,fagr,83.73,0.19545,23.34288785,2018
3171,1,C03W,fagr,65.82,0.18211,27.6678821,2018
3172,1,C03W,fagr,52.28,0.14089,26.94912012,2018
3174,1,C03W,fagr,42.5,0.11678,27.47764706,2018
3176,1,C03W,fagr,60.97,0.1875,30.75282926,2018
3321,1,C04W,acpe,127.87,0.3725,29.13114882,2018
3312,1,C04W,acru,28.65,0.1242,43.35078534,2018
3322,1,C04W,acru,41.14,0.1755,42.65921245,2018
1451,1,C04W,acru,28.58,0.1234,43.17704689,2018
3326,1,C04W,acru,43.75,0.1688,38.58285714,2018
3313,1,C04W,fagr,60.16,0.1674,27.82579787,2018
3316,1,C04W,fagr,43,0.1181,27.46511628,2018
3317,1,C04W,fagr,35.95,0.0913,25.39638387,2018
3318,1,C04W,fagr,53.09,0.182,34.28140893,2018
3323,1,C04W,fagr,34.05,0.1051,30.86637298,2018
3327,1,C04W,fagr,58.92,0.1894,32.14528174,2018
3314,1,C04W,pist,1.316,0.0108,82.0668693,2018
3329,1,C04E,acpe,141.52,0.449,31.72696439,2018
3333,1,C04E,acpe,99.45,0.28847,29.00653595,2018
3342,1,C04E,acpe,275.91,0.9341,33.85524265,2018
3338,1,C04E,acru,63.01,0.2451,38.89858753,2018
3339,1,C04E,acru,72.11,0.2967,41.1454722,2018
3330,1,C04E,fagr,33.26,0.0974,29.28442574,2018
3331,1,C04E,fagr,41.07,0.1347,32.79766253,2018
3334,1,C04E,fagr,100.1,0.34717,34.68231768,2018
3335,1,C04E,fagr,63.58,0.1703,26.78515256,2018
3340,1,C04E,fagr,69.07,0.2169,31.40292457,2018
3343,1,C04E,fagr,43.51,0.1303,29.94713859,2018
3344,1,C04E,fagr,49.08,0.1734,35.33007335,2018
647,1,D01E,acru,94.35,0.51102,54.16216216,2018
648,1,D01E,acru,49.35,0.22454,45.49949341,2018
649,1,D01E,acru,73.66,0.38456,52.20743959,2018
3214,1,D01E,acru,38.86,0.20344,52.35203294,2018
3216,1,D01E,acru,43.33,0.2063,47.61135472,2018
3217,1,D01E,acru,49.18,0.28909,58.78202521,2018
667,1,D01E,fagr,72.81,0.23215,31.88435654,2018
668,1,D01E,fagr,57.89,0.17941,30.99153567,2018
3213,1,D01E,fagr,36.13,0.0929,25.71270412,2018
689,1,D01E,pist,1.319,0.0108,81.88021228,2018
690,1,D01E,quru,62.85,0.26248,41.76292761,2018
697,1,D01E,quru,44.49,0.24554,55.18993032,2018
707,1,D01E,quru,55.02,0.23177,42.12468193,2018
3220,1,D01W,fagr,51.8,0.1881,36.31274131,2018
3221,1,D01W,pire,0.775,0.0104,134.1935484,2018
620,1,D01W,pist,1.182,0.0082,69.37394247,2018
625,1,D01W,pist,1.204,0.0089,73.92026578,2018
3224,1,D01W,pist,1.218,0.0102,83.74384236,2018
3225,1,D01W,pist,1.244,0.0108,86.81672026,2018
3226,1,D01W,pist,1.305,0.0108,82.75862069,2018
3227,1,D01W,pist,1.215,0.0102,83.95061728,2018
591,1,D01W,pist,1.34,0.0109,81.34328358,2018
3229,1,D01W,pist,1.238,0.0107,86.42972536,2018
3230,1,D01W,pist,1.184,0.0082,69.25675676,2018
637,1,D01W,quru,75.32,0.36201,48.06293149,2018
3283,1,D02E,acru,65.54,0.32021,48.85718645,2018
3284,1,D02E,acru,48.13,0.20355,42.29170995,2018
3286,1,D02E,acru,71.3,0.33772,47.36605891,2018
3287,1,D02E,acru,60.39,0.2856,47.29259811,2018
346,1,D02E,acru,30.02,0.12185,40.58960693,2018
3289,1,D02E,acru,63.4,0.3367,53.10725552,2018
3293,1,D02E,acru,29.6,0.1255,42.39864865,2018
3288,1,D02E,fagr,43.37,0.12617,29.09153793,2018
3290,1,D02E,fagr,38.49,0.13874,36.04572616,2018
3294,1,D02E,fagr,50.36,0.17055,33.86616362,2018
3285,1,D02E,pist,1.198,0.0091,75.95993322,2018
325,1,D02E,pist,1.33,0.0104,78.19548872,2018
3295,1,D02E,pist,1.271,0.0113,88.90637293,2018
3231,1,D02W,acru,86.3,0.33823,39.19235226,2018
3240,1,D02W,acru,53.85,0.25228,46.84865367,2018
3232,1,D02W,fagr,65.99,0.17053,25.84179421,2018
3233,1,D02W,fagr,61.1,0.14407,23.57937807,2018
3236,1,D02W,fagr,46.45,0.1426,30.69967707,2018
242,1,D02W,fagr,78.13,0.2342,29.97568156,2018
3237,1,D02W,fagr,68.41,0.20788,30.38737027,2018
3239,1,D02W,fagr,78.73,0.26481,33.63520894,2018
259,1,D02W,pist,1.224,0.0104,84.96732026,2018
277,1,D02W,pist,1.336,0.0108,80.83832335,2018
3242,1,D02W,pist,1.333,0.0118,88.52213053,2018
3243,1,D02W,pist,1.197,0.0096,80.20050125,2018
3201,1,D03E,acru,60.64,0.23289,38.40534301,2018
3202,1,D03E,acru,87.68,0.37756,43.06113139,2018
441,1,D03E,acru,66.21,0.31616,47.751095,2018
3205,1,D03E,acru,51.51,0.21631,41.99378761,2018
389,1,D03E,fagr,65.87,0.20595,31.26613026,2018
390,1,D03E,fagr,53.81,0.14094,26.19215759,2018
388,1,D03E,fagr,69.49,0.24514,35.27701828,2018
3208,1,D03E,fagr,57.02,0.19914,34.92458786,2018
3209,1,D03E,fagr,113.32,0.38874,34.30462407,2018
3210,1,D03E,fagr,66.6,0.19322,29.01201201,2018
414,1,D03E,quru,112.26,0.62268,55.46766435,2018
3206,1,D03E,quru,80.11,0.33179,41.4168019,2018
3187,1,D03W,acru,86.45,0.36643,42.38635049,2018
513,1,D03W,acru,63.48,0.34031,53.60901071,2018
3188,1,D03W,acru,86.64,0.46231,53.35987996,2018
3192,1,D03W,acru,40.41,0.20221,50.03959416,2018
3193,1,D03W,acru,23.52,0.11265,47.89540816,2018
3196,1,D03W,acru,38.5,0.19412,50.42077922,2018
3197,1,D03W,acru,39.91,0.20145,50.47607116,2018
3198,1,D03W,acru,60.02,0.24428,40.69976674,2018
526,1,D03W,fagr,54.79,0.19915,36.3478737,2018
527,1,D03W,fagr,82.28,0.30974,37.6446281,2018
3190,1,D03W,fagr,60.09,0.16473,27.41387918,2018
538,1,D03W,fagr,58.75,0.24479,41.66638298,2018
148,1,D04E,acru,95.14,0.4419,46.44734076,2018
3301,1,D04E,fagr,37.61,0.1382,36.7455464,2018
3302,1,D04E,fagr,30.42,0.1218,40.03944773,2018
160,1,D04E,pist,1.551,0.0089,57.38233398,2018
161,1,D04E,pist,1.27,0.0098,77.16535433,2018
174,1,D04E,pist,1.478,0.0112,75.77807848,2018
175,1,D04E,pist,1.314,0.0104,79.14764079,2018
3305,1,D04E,pist,1.511,0.0165,109.1992058,2018
3306,1,D04E,pist,1.316,0.0104,79.02735562,2018
3309,1,D04E,pist,1.359,0.0096,70.6401766,2018
196,1,D04E,pist,1.405,0.0123,87.54448399,2018
3310,1,D04E,pist,1.311,0.0114,86.95652174,2018
154,1,D04E,quru,113.53,0.5836,51.404915,2018
3297,1,D04W,acru,38.16,0.1791,46.93396226,2018
74,1,D04W,amel,18.83,0.1226,65.10886883,2018
3299,1,D04W,amel,35.84,0.1304,36.38392857,2018
15,1,D04W,pist,1.297,0.0128,98.68928296,2018
16,1,D04W,pist,1.376,0.0133,96.65697674,2018
63,1,D04W,pist,1.362,0.0119,87.37151248,2018
60,1,D04W,pist,1.279,0.0132,103.2056294,2018
99,1,D04W,pist,1.544,0.016,103.626943,2018
101,1,D04W,pist,1.355,0.013,95.94095941,2018
100,1,D04W,pist,1.647,0.016,97.14632665,2018
131,1,D04W,pist,1.388,0.0113,81.41210375,2018
133,1,D04W,pist,1.38,0.0127,92.02898551,2018
4037,1,A01W,fagr,61.26,0.1734,28.30558276,2019
4036,1,A01W,fagr,101.42,0.2827,27.87418655,2019
2883,1,A01W,fagr,35.8,0.0953,26.62011173,2019
2880,1,A01W,fagr,60.08,0.17,28.29560586,2019
2881,1,A01W,fagr,64.85,0.1859,28.66615266,2019
2907,1,A01W,fagr,41.07,0.0995,24.22692963,2019
4048,1,A02W,fagr,80.51,0.2715,33.72251894,2019
4046,1,A02W,fagr,69.54,0.2046,29.42191544,2019
4047,1,A02W,fagr,72.93,0.2109,28.91814068,2019
4004,1,A03E,fagr,50.82,0.1677,32.99881936,2019
3248,1,A02E,fagr,60.6,0.1733,28.59735974,2019
3090,1,A02E,fagr,86.71,0.1967,22.68481144,2019
3089,1,A02E,fagr,68.56,0.1473,21.48483081,2019
3249,1,A02E,acpe,109.72,0.2715,24.74480496,2019
3165,1,A02E,acpe,183.09,0.5021,27.42367142,2019
3250,1,A02E,acpe,124.95,0.2784,22.28091236,2019
3252,1,A02E,acpe,86.47,0.1867,21.59130334,2019
4030,1,A01W,fagr,70.5,0.1877,26.62411348,2019
3254,1,A02E,acpe,88.13,0.1859,21.09383865,2019
4042,1,A02W,acpe,100.87,0.2232,22.12749083,2019
4052,1,A02W,acpe,113.25,0.2907,25.66887417,2019
4051,1,A02W,acpe,231.89,0.5641,24.32618914,2019
4050,1,A02W,acpe,121.2,0.3758,31.00660066,2019
3092,1,A02E,acpe,111.06,0.231,20.7995678,2019
4032,1,A01W,acpe,80.62,0.2257,27.99553461,2019
4033,1,A01W,fagr,58.91,0.184,31.23408589,2019
3253,1,A02E,acpe,136.14,0.3505,25.74555605,2019
2906,1,A01W,fagr,61.98,0.1626,26.23426912,2019
4035,1,A01W,acpe,71.22,0.1704,23.92586352,2019
2934,1,A01W,fagr,62.37,0.1765,28.29886163,2019
4041,1,A02W,acpe,130.2,0.2959,22.7265745,2019
4043,1,A02W,acpe,175.36,0.4083,23.28353102,2019
3000,1,A02W,acpe,94.09,0.2268,24.10458072,2019
3001,1,A02W,acpe,171.15,0.4259,24.88460415,2019
4040,1,A02W,acpe,153.27,0.3297,21.51105892,2019
3246,1,A02E,acsa,73.48,0.1813,24.67338051,2019
2061,1,B03W,acpe,92,0.3028,32.91304348,2019
3277,1,B03W,fagr,67.04,0.1726,25.74582339,2019
4024,1,A01E,fagr,52.99,0.1565,29.53387432,2019
2784,1,A01E,acpe,100.38,0.2495,24.85554891,2019
2647,1,A04W,fagr,53.22,0.1321,24.82149568,2019
2668,1,A04W,fagr,77.1,0.2165,28.08041505,2019
3247,1,A02E,fagr,47.28,0.1172,24.78849408,2019
4064,1,A04W,fagr,62.19,0.1441,23.1709278,2019
3276,1,B03W,fagr,56.23,0.1341,23.84847946,2019
2060,1,B03W,fagr,88.2,0.2395,27.15419501,2019
3273,1,B03W,fagr,47.64,0.1368,28.71536524,2019
2003,1,B03W,fagr,65.09,0.2101,32.27838378,2019
3278,1,B03W,acru,65.37,0.2536,38.79455408,2019
3280,1,B03W,fagr,51.27,0.2109,41.13516676,2019
3279,1,B03W,fagr,59.43,0.1885,31.71798755,2019
2062,1,B03W,fagr,69.37,0.1856,26.75508145,2019
3272,1,B03W,fagr,55.2,0.1443,26.14130435,2019
1968,1,B03W,fagr,68.46,0.1915,27.97253871,2019
3993,1,C02E,acpe,120.93,0.426,35.22699082,2019
3968,1,C02W,acpe,162.94,0.5992,36.77427274,2019
3989,1,C02E,acpe,138.35,0.4225,30.53848934,2019
3980,1,C02E,acpe,151.5,0.5283,34.87128713,2019
3976,1,C02W,acpe,144.52,0.5066,35.05397177,2019
3985,1,C02E,acpe,182.99,0.6213,33.95267501,2019
3167,1,C03W,acpe,156.87,0.4963,31.63766176,2019
3168,1,C03W,acpe,201.55,0.7603,37.72264947,2019
3986,1,C02E,acpe,229.45,0.8228,35.85966441,2019
3169,1,C03W,acpe,121.57,0.3574,29.39870034,2019
3172,1,C03W,fagr,42.28,0.1452,34.34247871,2019
3175,1,C03W,acpe,94.38,0.251,26.5946175,2019
3170,1,C03W,fagr,50.65,0.138,27.24580454,2019
3166,1,C03W,acpe,92.59,0.3071,33.1677287,2019
3174,1,C03W,fagr,57.17,0.1952,34.1437817,2019
3176,1,C03W,fagr,68.04,0.2838,41.71075838,2019
3171,1,C03W,fagr,53.06,0.185,34.86618922,2019
3173,1,C03W,acpe,89.14,0.297,33.31837559,2019
1198,1,C03W,fagr,62.43,0.1842,29.50504565,2019
3977,1,C02W,amel,22.94,0.0845,36.83522232,2019
3973,1,C02W,fagr,59.03,0.1554,26.32559715,2019
966,1,C02W,fagr,39.31,0.1013,25.76952429,2019
3974,1,C02W,fagr,90.65,0.2956,32.60893547,2019
3969,1,C02W,fagr,59.53,0.1791,30.08567109,2019
934,1,C02W,acpe,91.07,0.3181,34.92917536,2019
931,1,C02W,acru,50.04,0.202,40.36770584,2019
3978,1,C02W,fagr,50.71,0.1663,32.79432065,2019
3990,1,C02E,acpe,76.02,0.2481,32.63614838,2019
3988,1,C02E,acpe,64.66,0.2122,32.81781627,2019
3992,1,C02E,acpe,81.82,0.2352,28.74602787,2019
3979,1,C02W,fagr,53.33,0.2175,40.78379899,2019
3991,1,C02E,acpe,100.09,0.3732,37.2864422,2019
3331,1,C04E,fagr,42.77,0.1473,34.44002806,2019
3182,1,C03E,fagr,38.23,0.1352,35.36489668,2019
3333,1,C04E,acpe,76.2,0.3043,39.9343832,2019
3334,1,C04E,fagr,79.13,0.3543,44.77442184,2019
3330,1,C04E,fagr,49.37,0.1818,36.82398218,2019
3183,1,C03E,fagr,47.2,0.1721,36.46186441,2019
3343,1,C04E,fagr,64.42,0.2695,41.8348339,2019
3344,1,C04E,fagr,65.35,0.3012,46.09028309,2019
3340,1,C04E,fagr,52.16,0.1935,37.09739264,2019
3338,1,C04E,acru,71.13,0.384,53.98566006,2019
3339,1,C04E,acru,38.75,0.1943,50.14193548,2019
3335,1,C04E,fagr,68.92,0.2399,34.80847359,2019
3313,1,C04W,fagr,47.68,0.1551,32.52936242,2019
1451,1,C04W,acru,72.03,0.3287,45.63376371,2019
3327,1,C04W,fagr,43.63,0.1759,40.31629613,2019
3326,1,C04W,acru,49.34,0.2337,47.36522092,2019
3312,1,C04W,acru,70.5,0.3788,53.73049645,2019
1273,1,C03E,acpe,122.19,0.43,35.19109583,2019
1274,1,C03E,acpe,117.53,0.3658,31.12396835,2019
1292,1,C03E,fagr,30.84,0.1201,38.94293126,2019
3179,1,C03E,fagr,57.75,0.2066,35.77489177,2019
1295,1,C03E,fagr,53.48,0.2524,47.19521316,2019
3185,1,C03E,acpe,51.55,0.1589,30.82444229,2019
3322,1,C04W,acru,34.34,0.1607,46.7967385,2019
3323,1,C04W,fagr,67.34,0.2235,33.18978319,2019
3316,1,C04W,fagr,41.81,0.1619,38.72279359,2019
3318,1,C04W,fagr,56.47,0.1874,33.18576235,2019
3317,1,C04W,fagr,49.94,0.1605,32.13856628,2019
3181,1,C03E,acpe,170.01,0.6673,39.25063232,2019
3184,1,C03E,acpe,194.16,0.5787,29.8053152,2019
1272,1,C03E,acpe,162.63,0.5058,31.10127283,2019
3186,1,C03E,acpe,192.74,0.567,29.41786863,2019
3321,1,C04W,acpe,124.38,0.459,36.90303907,2019
3342,1,C04E,acpe,104.83,0.4241,40.45597634,2019
3329,1,C04E,acpe,153.06,0.6335,41.38899778,2019
4077,1,B02W,fagr,62.17,0.1755,28.22904938,2019
1755,1,B02W,fagr,40.07,0.1365,34.06538558,2019
1752,1,B02W,fagr,45,0.1459,32.42222222,2019
1834,1,B02W,fagr,72.84,0.317,43.52004393,2019
4106,1,B01W,fagr,52.9,0.1213,22.93005671,2019
4104,1,B01W,fagr,68.09,0.1632,23.96827728,2019
1649,1,B01W,fagr,108.85,0.2931,26.92696371,2019
1594,1,B01W,acru,32.5,0.1165,35.84615385,2019
4082,1,B02W,fagr,67.05,0.1929,28.76957494,2019
4084,1,B02W,amel,29.19,0.0921,31.55190134,2019
1756,1,B02W,fagr,43.14,0.145,33.61149745,2019
4078,1,B02W,fagr,63.56,0.1932,30.39647577,2019
4080,1,B02W,fagr,46.79,0.1309,27.97606326,2019
4105,1,B01W,fagr,42.37,0.096,22.65754071,2019
4098,1,B01E,fagr,75.44,0.212,28.10180276,2019
1741,1,B01E,fagr,41.09,0.1187,28.88780725,2019
1631,1,B01W,fagr,34.22,0.0978,28.57977791,2019
1627,1,B01W,fagr,40.13,0.0916,22.8258161,2019
1628,1,B01W,fagr,58.98,0.1465,24.83892845,2019
1647,1,B01W,fagr,44.99,0.1156,25.6945988,2019
1595,1,B01W,fagr,72.86,0.1898,26.04995883,2019
1592,1,B01W,acru,33.5,0.1229,36.68656716,2019
4097,1,B01E,fagr,30.64,0.0799,26.0770235,2019
4096,1,B01E,fagr,51.65,0.14,27.10551791,2019
4102,1,B01E,fagr,53.38,0.1512,28.32521544,2019
4100,1,B01E,fagr,61.74,0.1607,26.02850664,2019
1663,1,B01E,fagr,67.5,0.1961,29.05185185,2019
4099,1,B01E,amel,24.94,0.0851,34.12189254,2019
4139,1,B01E,fagr,52.64,0.1618,30.73708207,2019
4076,1,B02W,acpe,95.97,0.3157,32.89569657,2019
1780,1,B02W,acpe,120.24,0.3615,30.06487026,2019
4083,1,B02W,acpe,108.99,0.3574,32.79199927,2019
4095,1,B01E,acpe,123.48,0.3443,27.88305799,2019
1742,1,B01E,acpe,197.66,0.6322,31.98421532,2019
4103,1,B01W,acpe,211.83,0.6671,31.49223434,2019
1884,1,B02E,acpe,116.27,0.4007,34.46288811,2019
4079,1,B02E,acpe,175.46,0.5386,30.69645503,2019
4094,1,B02E,acpe,148.01,0.3875,26.18066347,2019
4087,1,B02E,fagr,59.24,0.1701,28.71370695,2019
3959,1,C01E,fagr,32.44,0.109,33.60049322,2019
3966,1,C01E,fagr,85.32,0.3906,45.78059072,2019
805,1,C01E,fagr,78.41,0.296,37.75028695,2019
806,1,C01E,fagr,71.78,0.2901,40.41515743,2019
3962,1,C01E,fagr,73.26,0.1891,25.81217581,2019
879,1,C01W,acru,78.7,0.3922,49.83481576,2019
3951,1,C01W,fagr,58.04,0.2373,40.88559614,2019
3950,1,C01W,amel,30.36,0.1399,46.08036891,2019
3947,1,C01W,quru,118.32,0.5641,47.67579446,2019
3949,1,C01W,fagr,56.68,0.2566,45.27170078,2019
3948,1,C01W,fagr,52.22,0.2115,40.50172348,2019
3954,1,C01W,fagr,43.1,0.123,28.53828306,2019
3953,1,C01W,fagr,57.9,0.2314,39.96545769,2019
3955,1,C01W,quru,81.26,0.3917,48.20329806,2019
3942,1,C01W,fagr,40.46,0.1611,39.81710331,2019
3943,1,C01W,fagr,57.03,0.2192,38.43591092,2019
3944,1,C01W,fagr,75.98,0.3145,41.3924717,2019
4093,1,B02E,fagr,53.72,0.1337,24.88830975,2019
1949,1,B02E,fagr,83.15,0.2581,31.04028863,2019
4090,1,B02E,fagr,54.51,0.1879,34.47073931,2019
4091,1,B02E,fagr,40.91,0.1333,32.58372036,2019
4092,1,B02E,fagr,44.85,0.1359,30.30100334,2019
4088,1,B02E,fagr,53.38,0.1388,26.00224803,2019
4089,1,B02E,fagr,78.51,0.243,30.95147115,2019
775,1,C01E,fagr,75.54,0.2217,29.34868944,2019
3963,1,C01E,fagr,104.63,0.4533,43.32409443,2019
4101,1,B01E,fagr,57,0.1923,33.73684211,2019
2684,1,A04E,acpe,205.12,0.5398,26.31630265,2019
4073,1,A04E,acpe,233.88,0.6049,25.86369078,2019
4074,1,A04E,acpe,255.07,0.6338,24.84808092,2019
4066,1,A04E,acpe,78.31,0.1946,24.84995531,2019
4071,1,A04E,acpe,130.96,0.3219,24.58002443,2019
2733,1,A04E,acpe,104.07,0.2347,22.55212838,2019
4067,1,A04E,acpe,104.92,0.2527,24.08501716,2019
4019,1,A01E,acpe,180.03,0.5583,31.01149808,2019
4022,1,A01E,acpe,110.12,0.2993,27.17944061,2019
4027,1,A01E,acpe,168.99,0.4067,24.06651281,2019
4025,1,A01E,acpe,130.69,0.322,24.63845742,2019
4026,1,A01E,acpe,166.41,0.4112,24.71005348,2019
2838,1,A01E,acpe,128.45,0.3031,23.59673025,2019
2835,1,A01E,acpe,153.92,0.333,21.63461538,2019
2836,1,A01E,acpe,223.9,0.6719,30.00893256,2019
4020,1,A01E,acpe,114.5,0.2793,24.3930131,2019
4063,1,A04W,fagr,55.89,0.1383,24.74503489,2019
2643,1,A04W,acsa,84.56,0.2361,27.92100284,2019
4056,1,A04W,fagr,81.85,0.1688,20.62309102,2019
4062,1,A04W,fagr,87.83,0.2016,22.95343277,2019
4058,1,A04W,fagr,75.01,0.1834,24.45007332,2019
4060,1,A04W,fagr,64.34,0.1528,23.74883432,2019
4059,1,A04W,fagr,53.9,0.1346,24.97217069,2019
4055,1,A04W,fagr,71.17,0.1559,21.90529718,2019
4023,1,A01E,fagr,53.14,0.1474,27.73805043,2019
2718,1,A04E,fagr,57.29,0.1307,22.81375458,2019
4072,1,A04E,acpe,43.38,0.0914,21.06961734,2019
2709,1,A04E,fagr,98.99,0.2503,25.28538236,2019
2760,1,A04E,fagr,80.73,0.2359,29.22085966,2019
2708,1,A04E,fagr,54.16,0.13,24.00295421,2019
2593,1,A04W,fagr,55.13,0.1208,21.91184473,2019
526,1,D03W,fagr,55.57,0.1953,35.14486234,2019
527,1,D03W,fagr,70.55,0.3066,43.45854004,2019
3190,1,D03W,fagr,33.46,0.096,28.6909743,2019
538,1,D03W,fagr,70.47,0.2989,42.41521215,2019
3193,1,D03W,acru,55.97,0.3081,55.04734679,2019
3192,1,D03W,acru,31.94,0.1564,48.96681277,2019
3196,1,D03W,acru,73.19,0.4693,64.12078153,2019
3197,1,D03W,acru,59.05,0.3701,62.67569856,2019
3198,1,D03W,acru,66.96,0.3154,47.10274791,2019
513,1,D03W,acru,36.19,0.2228,61.56396795,2019
3188,1,D03W,acru,151.77,0.9941,65.50042828,2019
3187,1,D03W,acru,86.79,0.462,53.23193916,2019
3209,1,D03E,fagr,103.2,0.4588,44.45736434,2019
3208,1,D03E,fagr,60.67,0.2466,40.64611835,2019
3210,1,D03E,fagr,33.38,0.1225,36.69862193,2019
3205,1,D03E,acru,59.03,0.341,57.767237,2019
3206,1,D03E,quru,57.97,0.2823,48.69760221,2019
441,1,D03E,acru,67.5,0.4501,66.68148148,2019
414,1,D03E,quru,7.96,0.0394,49.49748744,2019
3202,1,D03E,acru,142.25,0.6806,47.84534271,2019
3201,1,D03E,acru,125.04,0.6761,54.07069738,2019
388,1,D03E,fagr,51.09,0.2529,49.5008808,2019
389,1,D03E,fagr,57.45,0.2742,47.72845953,2019
390,1,D03E,fagr,31.06,0.0887,28.55763039,2019
3240,1,D02W,acru,50.74,0.3247,63.99290501,2019
3239,1,D02W,fagr,75.08,0.292,38.89184869,2019
242,1,D02W,fagr,31.06,0.1155,37.18609144,2019
3237,1,D02W,fagr,80.18,0.3138,39.13694188,2019
3231,1,D02W,acru,82.25,0.411,49.96960486,2019
3232,1,D02W,fagr,57.59,0.2165,37.59333218,2019
3233,1,D02W,fagr,35.55,0.1088,30.604782,2019
3236,1,D02W,fagr,32.8,0.1323,40.33536585,2019
4113,1,B04E,fagr,47.92,0.1499,31.28130217,2019
3262,1,B03E,fagr,83.89,0.254,30.27774467,2019
3263,1,B03E,fagr,65.98,0.2148,32.55531979,2019
3266,1,B03E,fagr,27.02,0.076,28.1273131,2019
3267,1,B03E,fagr,55.57,0.1387,24.95951053,2019
2130,1,B03E,acru,41.93,0.1553,37.03792034,2019
3265,1,B03E,fagr,47.42,0.1433,30.21931674,2019
3270,1,B03E,acru,55.65,0.1947,34.98652291,2019
3271,1,B03E,fagr,75.61,0.2307,30.51183706,2019
3258,1,B03E,fagr,56.71,0.1499,26.43272791,2019
3259,1,B03E,fagr,49.57,0.1396,28.16219488,2019
3257,1,B03E,fagr,42.6,0.1185,27.81690141,2019
4127,1,B04W,quru,25.3,0.0825,32.60869565,2019
4126,1,B04W,fagr,43.14,0.1218,28.23365786,2019
2206,1,B04W,fagr,43.26,0.1015,23.46278317,2019
4122,1,B04W,fagr,77.42,0.2285,29.51433738,2019
4121,1,B04W,quru,87.79,0.3162,36.01776968,2019
4120,1,B04W,acru,86.63,0.3194,36.86944477,2019
4114,1,B04E,fagr,51.99,0.1491,28.67859204,2019
2263,1,B04E,acpe,67.17,0.2036,30.31115081,2019
2312,1,B04E,acru,74.54,0.2855,38.30158304,2019
4112,1,B04E,acru,46.82,0.1763,37.65484836,2019
2262,1,B04E,acpe,59.7,0.1791,30,2019
4109,1,B04E,fagr,53.85,0.1593,29.5821727,2019
4107,1,B04E,fagr,56.8,0.1827,32.16549296,2019
4125,1,B04W,acru,57.97,0.235,40.53820942,2019
4123,1,B04W,acru,45.62,0.1801,39.47829899,2019
4110,1,B04E,fagr,63.03,0.1981,31.42947803,2019
4124,1,B04W,acru,40.49,0.1506,37.19436898,2019
2226,1,B04W,acpe,252.5,0.7405,29.32673267,2019
2227,1,B04W,acpe,160.49,0.4104,25.57168671,2019
2228,1,B04W,acpe,170.72,0.5157,30.20735708,2019
4111,1,B04E,acpe,156.3,0.5101,32.63595649,2019
4108,1,B04E,acpe,267.31,0.812,30.37671617,2019
2334,1,B04E,acpe,98.45,0.2461,24.99746064,2019
3261,1,B03E,acpe,170.29,0.6961,40.87732691,2019
3995,1,A03E,acsa,117.16,0.31,26.45954251,2019
4002,1,A03E,acpe,115.97,0.3457,29.80943347,2019
4009,1,A03W,acpe,64.18,0.1571,24.47803054,2019
4006,1,A03W,acpe,224.01,0.6821,30.4495335,2019
2388,1,A03W,acpe,41.29,0.1018,24.65488012,2019
4007,1,A03W,fagr,50.81,0.1246,24.52273175,2019
4017,1,A03W,fagr,86.26,0.2113,24.49571064,2019
2362,1,A03W,fagr,61.96,0.1745,28.16333118,2019
3996,1,A03E,fagr,46.93,0.1234,26.29448114,2019
3997,1,A03E,fagr,49.01,0.1304,26.60681494,2019
2508,1,A03E,fagr,75.44,0.279,36.98303287,2019
4000,1,A03E,fagr,51.09,0.1427,27.93110198,2019
3999,1,A03E,fagr,43.87,0.1256,28.63004331,2019
4003,1,A03E,fagr,70.59,0.1858,26.32100864,2019
4016,1,A03W,fagr,40.72,0.0961,23.60019646,2019
2553,1,A03E,fagr,60.78,0.1797,29.56564659,2019
2554,1,A03E,fagr,61.69,0.1693,27.44366996,2019
2552,1,A03E,fagr,71.6,0.1756,24.52513966,2019
4011,1,A03W,fagr,50.29,0.1401,27.85842116,2019
4013,1,A03W,fagr,67.33,0.196,29.110352,2019
4015,1,A03W,fagr,55.58,0.1397,25.13494063,2019
4010,1,A03W,fagr,55.41,0.1457,26.29489262,2019
4012,1,A03W,fagr,35.52,0.109,30.68693694,2019
3283,1,D02E,acru,43.96,0.2619,59.57688808,2019
3284,1,D02E,acru,46.22,0.2818,60.96927737,2019
3297,1,D04W,acru,37.15,0.1858,50.01345895,2019
3288,1,D02E,fagr,55.35,0.1954,35.30261969,2019
3287,1,D02E,acru,41.06,0.2348,57.18460789,2019
346,1,D02E,acru,39.59,0.2392,60.4192978,2019
3289,1,D02E,acru,68.52,0.4141,60.43490952,2019
3299,1,D04W,amel,26.63,0.0969,36.38753286,2019
154,1,D04E,quru,25.99,0.139,53.4821085,2019
3302,1,D04E,fagr,33.2,0.1468,44.21686747,2019
3293,1,D02E,acru,39.85,0.2379,59.69887077,2019
3294,1,D02E,fagr,42.85,0.1841,42.9638273,2019
3290,1,D02E,fagr,24.51,0.0976,39.82048144,2019
3221,1,D01W,pire,0.647,0.0057,88.09891808,2019
3230,1,D01W,pist,0.708,0.0068,96.04519774,2019
625,1,D01W,pist,1.062,0.0104,97.92843691,2019
3229,1,D01W,pist,1.063,0.0123,115.710254,2019
591,1,D01W,pist,0.967,0.0129,133.4022751,2019
3225,1,D01W,pist,0.807,0.0093,115.2416357,2019
3226,1,D01W,pist,0.991,0.0127,128.1533804,2019
3227,1,D01W,pist,0.963,0.0105,109.0342679,2019
620,1,D01W,pist,0.902,0.0107,118.6252772,2019
3224,1,D01W,pist,0.858,0.009,104.8951049,2019
3243,1,D02W,pist,0.939,0.011,117.1458999,2019
259,1,D02W,pist,1.033,0.0149,144.2400774,2019
277,1,D02W,pist,0.769,0.0096,124.8374512,2019
3309,1,D04E,pist,0.961,0.0113,117.5858481,2019
3310,1,D04E,pist,0.979,0.0126,128.7027579,2019
196,1,D04E,pist,0.961,0.0118,122.7887617,2019
3305,1,D04E,pist,1.09,0.0155,142.2018349,2019
3306,1,D04E,pist,0.98,0.0123,125.5102041,2019
175,1,D04E,pist,0.765,0.01,130.7189542,2019
160,1,D04E,pist,1.019,0.0115,112.8557409,2019
161,1,D04E,pist,0.809,0.0099,122.3733004,2019
15,1,D04W,pist,0.95,0.0106,111.5789474,2019
101,1,D04W,pist,0.872,0.0114,130.733945,2019
99,1,D04W,pist,1.002,0.0125,124.750499,2019
3285,1,D02E,pist,0.718,0.0081,112.8133705,2019
3295,1,D02E,pist,0.85,0.008,94.11764706,2019
3961,1,C01E,pist,0.742,0.0111,149.5956873,2019
3960,1,C01E,pist,0.928,0.0119,128.2327586,2019
4085,1,B02E,fagr,54.93,0.1761,32.05898416,2019
737,1,C01E,pist,0.886,0.0117,132.0541761,2019
3314,1,C04W,pist,0.906,0.0107,118.1015453,2019
1515,1,C04E,pist,0.717,0.0103,143.6541144,2019
3987,1,C02E,pist,0.895,0.0122,136.3128492,2019
3982,1,C02E,pist,0.694,0.01,144.092219,2019
1101,1,C02E,pist,0.879,0.0112,127.4175199,2019
3970,1,C02W,pist,0.957,0.0104,108.6729363,2019
3981,1,C02E,pist,0.803,0.0099,123.2876712,2019
3217,1,D01E,acru,30.1,0.1815,60.29900332,2019
707,1,D01E,quru,45.38,0.2057,45.32833848,2019
3214,1,D01E,acru,65.09,0.403,61.91427255,2019
690,1,D01E,quru,102.08,0.5814,56.95532915,2019
3213,1,D01E,fagr,51.98,0.1559,29.99230473,2019
668,1,D01E,fagr,52.63,0.1763,33.49800494,2019
667,1,D01E,fagr,46.14,0.1812,39.27178153,2019
648,1,D01E,acru,16.62,0.0818,49.21780987,2019
649,1,D01E,acru,38.57,0.1922,49.83147524,2019
647,1,D01E,acru,46.01,0.2547,55.35753097,2019
637,1,D01W,quru,53.03,0.2624,49.48142561,2019
3216,1,D01E,acru,30.93,0.152,49.14322664,2019
3220,1,D01W,fagr,27.8,0.1133,40.75539568,2019
2311,1,B04E,acru,54.9,0.2471,45.00910747,2019
697,1,D01E,quru,52.24,0.3128,59.8774885,2019
3301,1,D04E,fagr,47.13,0.1834,38.9136431,2019
148,1,D04E,acru,58.99,0.3494,59.230378,2019
3286,1,D02E,acru,45.75,0.2442,53.3770492,2019
15,1,D04W,pist,1.06,0.0098,92.45,2020
16,1,D04W,pist,1.276,0.0173,135.58,2020
60,1,D04W,pist,1.017,0.0096,94.4,2020
63,1,D04W,pist,0.8,0.0097,121.25,2020
77,1,D04W,amel,15.07,0.1544,102.46,2020
99,1,D04W,pist,1.284,0.0127,98.91,2020
100,1,D04W,pist,1.484,0.0144,97.04,2020
101,1,D04W,pist,1.068,0.0119,111.42,2020
131,1,D04W,pist,0.756,0.0093,123.02,2020
133,1,D04W,pist,0.936,0.0104,111.11,2020
149,1,D04E,acru,30.03,0.2223,74.03,2020
154,1,D04E,quru,98.27,0.5917,60.21,2020
160,1,D04E,pist,1.228,0.0106,86.32,2020
161,1,D04E,pist,1.233,0.0112,90.84,2020
174,1,D04E,pist,1.181,0.0122,103.3,2020
175,1,D04E,pist,0.94,0.0104,110.64,2020
196,1,D04E,pist,1.202,0.0135,112.31,2020
242,1,D02W,fagr,34.21,0.1774,51.86,2020
346,1,D02E,acru,65.15,0.4293,65.89,2020
388,1,D03E,fagr,20.48,0.1097,53.56,2020
389,1,D03E,fagr,34.69,0.1848,53.27,2020
390,1,D03E,fagr,72.6,0.2262,31.16,2020
441,1,D03E,acru,45.64,0.3348,73.36,2020
513,1,D03W,acru,62.75,0.4584,73.05,2020
517,1,D03W,pire,0.928,0.0129,139.01,2020
526,1,D03W,fagr,54.87,0.1853,33.77,2020
527,1,D03W,fagr,46.35,0.159,34.3,2020
538,1,D03W,fagr,77.49,0.2977,38.42,2020
591,1,D01W,pist,0.831,0.0091,109.51,2020
620,1,D01W,pist,0.808,0.01,123.89,2020
625,1,D01W,pist,0.687,0.0082,119.36,2020
637,1,D01W,quru,59.54,0.3147,52.86,2020
647,1,D01E,acru,55.45,0.3048,54.97,2020
649,1,D01E,acru,53.22,0.2922,54.9,2020
667,1,D01E,fagr,45.4,0.1698,37.4,2020
668,1,D01E,fagr,26.35,0.0755,28.65,2020
689,1,D01E,pist,0.867,0.011,126.87,2020
690,1,D01E,quru,116.65,0.6362,54.54,2020
697,1,D01E,quru,56.35,0.3368,59.77,2020
704,1,D01E,quru,68.17,0.3721,54.58,2020
736,1,C01E,pist,1.48,0.0155,104.73,2020
737,1,C01E,pist,0.966,0.0085,87.99,2020
775,1,C01E,fagr,68.87,0.1975,28.68,2020
805,1,C01E,fagr,50.27,0.1421,28.27,2020
806,1,C01E,fagr,41.49,0.1179,28.42,2020
879,1,C01W,acru,18.62,0.1061,56.98,2020
931,1,C02W,acru,73.6,0.323,43.89,2020
934,1,C02W,acpe,91.13,0.2952,32.39,2020
966,1,C02W,fagr,60.6,0.1597,26.35,2020
1198,1,C03W,fagr,67.47,0.19,28.16,2020
1272,1,C03E,acpe,176.87,0.5014,28.35,2020
1273,1,C03E,acpe,158.7,0.5906,37.21,2020
1274,1,C03E,acpe,130.69,0.3916,29.96,2020
1292,1,C03E,fagr,26.23,0.1651,62.94,2020
1295,1,C03E,fagr,32.65,0.2448,74.98,2020
1451,1,C04W,acru,55.77,0.2597,46.57,2020
1592,1,B01W,acru,54.22,0.1947,35.91,2020
1594,1,B01W,acru,36.62,0.1285,35.09,2020
1595,1,B01W,fagr,66.15,0.1491,22.54,2020
1627,1,B01W,fagr,47.84,0.0949,19.84,2020
1628,1,B01W,fagr,53.05,0.1242,23.41,2020
1631,1,B01W,fagr,42.06,0.1033,24.56,2020
1647,1,B01W,fagr,45.55,0.1043,22.9,2020
1649,1,B01W,fagr,50.72,0.1183,23.32,2020
1663,1,B01E,fagr,30.55,0.0718,23.5,2020
1741,1,B01E,fagr,52.74,0.1459,27.66,2020
1742,1,B01E,acpe,161.51,0.463,28.67,2020
1780,1,B02W,acpe,171.04,0.5077,29.68,2020
1884,1,B02E,acpe,35.97,0.0912,25.35,2020
1949,1,B02E,fagr,77.47,0.1933,24.95,2020
1968,1,B03W,fagr,88.8,0.2373,26.72,2020
2003,1,B03W,fagr,33.9,0.0921,27.17,2020
2060,1,B03W,fagr,24.77,0.0707,28.54,2020
2061,1,B03W,acpe,70.02,0.1857,26.52,2020
2062,1,B03W,fagr,90.75,0.2435,26.83,2020
2130,1,B03E,acru,50.9,0.1963,38.57,2020
2206,1,B04W,fagr,43.98,0.1083,24.62,2020
2226,1,B04W,acpe,165.28,0.5276,31.92,2020
2227,1,B04W,acpe,76.68,0.2105,27.45,2020
2228,1,B04W,acpe,92.96,0.3117,33.53,2020
2262,1,B04E,acpe,60.16,0.1646,27.36,2020
2263,1,B04E,acpe,46.93,0.1256,26.76,2020
2311,1,B04E,acru,74.79,0.2907,38.87,2020
2312,1,B04E,acru,74.17,0.2716,36.62,2020
2334,1,B04E,acpe,83.04,0.1744,21,2020
2362,1,A03W,fagr,54.09,0.1195,22.09,2020
2388,1,A03W,acpe,90.71,0.2111,23.27,2020
2508,1,A03E,fagr,50.17,0.2334,46.52,2020
2552,1,A03E,fagr,44.06,0.1053,23.9,2020
2553,1,A03E,fagr,46.65,0.1288,27.61,2020
2554,1,A03E,fagr,63.01,0.1642,26.06,2020
2593,1,A04W,fagr,59.35,0.1271,21.42,2020
2643,1,A04W,acsa,37.49,0.0989,26.38,2020
2647,1,A04W,fagr,33.17,0.0733,22.1,2020
2668,1,A04W,fagr,40.43,0.0983,24.31,2020
2684,1,A04E,acpe,88.19,0.2169,24.59,2020
2708,1,A04E,fagr,37.5,0.0986,26.29,2020
2709,1,A04E,fagr,68.27,0.1736,25.43,2020
2718,1,A04E,fagr,44.55,0.0969,21.75,2020
2733,1,A04E,acpe,108.9,0.2245,20.62,2020
2760,1,A04E,fagr,41.16,0.108,26.24,2020
2784,1,A01E,acpe,25.12,0.0593,23.61,2020
2835,1,A01E,acpe,37.43,0.075,20.04,2020
2836,1,A01E,acpe,231.64,0.5843,25.22,2020
2838,1,A01E,acpe,173.07,0.5221,30.17,2020
2880,1,A01W,fagr,66.31,0.2006,30.25,2020
2881,1,A01W,fagr,49.94,0.1138,22.79,2020
2883,1,A01W,fagr,69.87,0.1802,25.79,2020
2906,1,A01W,fagr,62.8,0.1687,26.86,2020
2907,1,A01W,fagr,45.98,0.1112,24.18,2020
2934,1,A01W,fagr,44.02,0.125,28.4,2020
3000,1,A02W,acpe,181.5,0.4574,25.2,2020
3001,1,A02W,acpe,156,0.4018,25.76,2020
3089,1,A02E,fagr,38.02,0.0606,15.94,2020
3090,1,A02E,fagr,53.59,0.1063,19.84,2020
3092,1,A02E,acpe,125.12,0.2095,16.74,2020
3165,1,A02E,acpe,122.07,0.2436,19.96,2020
3166,1,C03W,acpe,166.65,0.5061,30.37,2020
3167,1,C03W,acpe,169.42,0.5117,30.2,2020
3168,1,C03W,acpe,116.56,0.3498,30.01,2020
3169,1,C03W,acpe,84.22,0.2577,30.6,2020
3171,1,C03W,fagr,99.59,0.3531,35.46,2020
3172,1,C03W,fagr,55.48,0.2015,36.32,2020
3173,1,C03W,acpe,169.49,0.5947,35.09,2020
3174,1,C03W,fagr,117.6,0.388,32.99,2020
3175,1,C03W,acpe,116.58,0.2771,23.77,2020
3176,1,C03W,fagr,132.01,0.5389,40.82,2020
3179,1,C03E,fagr,27.99,0.1018,36.37,2020
3181,1,C03E,acpe,239.3,1.0018,41.86,2020
3182,1,C03E,fagr,70.37,0.2843,40.4,2020
3183,1,C03E,fagr,63.34,0.2268,35.81,2020
3184,1,C03E,acpe,150.61,0.3857,25.61,2020
3185,1,C03E,acpe,31.52,0.088,27.92,2020
3186,1,C03E,acpe,69.51,0.1732,24.92,2020
3187,1,D03W,acru,50.16,0.254,50.64,2020
3188,1,D03W,acru,58.65,0.4116,70.18,2020
3190,1,D03W,fagr,30.65,0.0853,27.83,2020
3192,1,D03W,acru,23.51,0.1156,49.17,2020
3193,1,D03W,acru,57.96,0.3781,65.23,2020
3196,1,D03W,acru,64.08,0.3877,60.5,2020
3197,1,D03W,acru,39.52,0.2334,59.06,2020
3198,1,D03W,acru,60.36,0.2923,48.43,2020
3201,1,D03E,acru,97.04,0.4544,46.83,2020
3202,1,D03E,acru,30.9,0.164,53.07,2020
3205,1,D03E,acru,77.61,0.4629,59.64,2020
3206,1,D03E,quru,129.52,0.8064,62.26,2020
3208,1,D03E,fagr,72.76,0.291,39.99,2020
3209,1,D03E,fagr,55.36,0.2273,41.06,2020
3210,1,D03E,fagr,42.68,0.1469,34.42,2020
3213,1,D01E,fagr,44.67,0.1267,28.36,2020
3214,1,D01E,acru,43.5,0.2865,65.86,2020
3218,1,D01E,pist,0.939,0.0126,134.19,2020
3220,1,D01W,fagr,24.82,0.1104,44.48,2020
3225,1,D01W,pist,0.959,0.0103,107.4,2020
3226,1,D01W,pist,0.746,0.0064,85.79,2020
3227,1,D01W,pist,0.814,0.0113,138.82,2020
3229,1,D01W,pist,0.817,0.0098,119.95,2020
3230,1,D01W,pist,0.713,0.0094,131.84,2020
3231,1,D02W,acru,54.85,0.2842,51.81,2020
3232,1,D02W,fagr,47.52,0.1699,35.75,2020
3233,1,D02W,fagr,53.39,0.1632,30.57,2020
3236,1,D02W,fagr,37.99,0.1949,51.3,2020
3237,1,D02W,fagr,67.55,0.3147,46.59,2020
3239,1,D02W,fagr,49.38,0.2392,48.44,2020
3240,1,D02W,acru,33.91,0.2129,62.78,2020
3242,1,D02W,pist,0.806,0.012,148.88,2020
3246,1,A02E,acsa,57.92,0.1345,23.22,2020
3247,1,A02E,fagr,55.67,0.129,23.17,2020
3248,1,A02E,fagr,57.34,0.1335,23.28,2020
3249,1,A02E,acpe,196.5,0.3768,19.18,2020
3250,1,A02E,acpe,79.01,0.1527,19.33,2020
3252,1,A02E,acpe,55.76,0.1024,18.36,2020
3253,1,A02E,acpe,184.23,0.4334,23.52,2020
3254,1,A02E,acpe,193.91,0.5515,28.44,2020
3257,1,B03E,fagr,50.76,0.1602,31.56,2020
3258,1,B03E,fagr,46.5,0.1434,30.84,2020
3259,1,B03E,fagr,50.63,0.1537,30.36,2020
3261,1,B03E,acpe,48.32,0.1479,30.61,2020
3262,1,B03E,fagr,49.18,0.132,26.84,2020
3263,1,B03E,fagr,73.28,0.2146,29.28,2020
3265,1,B03E,fagr,31.92,0.0927,29.04,2020
3266,1,B03E,fagr,21.26,0.0591,27.8,2020
3267,1,B03E,fagr,62.99,0.1825,28.97,2020
3270,1,B03E,acru,80.12,0.277,34.57,2020
3271,1,B03E,fagr,47.43,0.1329,28.02,2020
3272,1,B03W,fagr,34.26,0.0871,25.42,2020
3273,1,B03W,fagr,115.58,0.3422,29.61,2020
3276,1,B03W,fagr,37.33,0.0856,22.93,2020
3277,1,B03W,fagr,63.28,0.1554,24.56,2020
3278,1,B03W,acru,41.91,0.1305,31.14,2020
3279,1,B03W,fagr,69.07,0.2264,32.78,2020
3280,1,B03W,fagr,43.73,0.1905,43.56,2020
3283,1,D02E,acru,56.74,0.3616,63.73,2020
3284,1,D02E,acru,58.22,0.3314,56.92,2020
3285,1,D02E,pist,0.779,0.0113,145.06,2020
3286,1,D02E,acru,53.7,0.3076,57.28,2020
3287,1,D02E,acru,59.31,0.4581,77.24,2020
3288,1,D02E,fagr,58.96,0.2462,41.76,2020
3289,1,D02E,acru,103.63,0.7021,67.75,2020
3290,1,D02E,fagr,27.18,0.1224,45.03,2020
3293,1,D02E,acru,65.68,0.411,62.58,2020
3294,1,D02E,fagr,29.01,0.114,39.3,2020
3295,1,D02E,pist,0.802,0.0113,140.9,2020
3297,1,D04W,acru,48.57,0.2989,61.54,2020
3298,1,D04W,pist,0.964,0.0105,108.92,2020
3299,1,D04W,amel,17.29,0.0912,52.75,2020
3301,1,D04E,fagr,57.66,0.2576,44.68,2020
3302,1,D04E,fagr,30.56,0.133,43.52,2020
3305,1,D04E,pist,1.266,0.0144,113.74,2020
3309,1,D04E,pist,1.281,0.0088,68.7,2020
3310,1,D04E,pist,1.111,0.0107,96.31,2020
3312,1,C04W,acru,67.43,0.3719,55.15,2020
3313,1,C04W,fagr,44.05,0.1578,35.82,2020
3316,1,C04W,fagr,16.82,0.0609,36.21,2020
3317,1,C04W,fagr,23.68,0.0787,33.23,2020
3318,1,C04W,fagr,54.16,0.1521,28.08,2020
3319,1,C04W,fagr,40.84,0.1199,29.36,2020
3322,1,C04W,acru,54.17,0.2692,49.7,2020
3323,1,C04W,fagr,64.22,0.2089,32.53,2020
3326,1,C04W,acru,46.85,0.2183,46.6,2020
3327,1,C04W,fagr,35.64,0.124,34.79,2020
3329,1,C04E,acpe,197.98,1.0634,53.71,2020
3330,1,C04E,fagr,53.94,0.175,32.44,2020
3331,1,C04E,fagr,46.46,0.1668,35.9,2020
3333,1,C04E,acpe,169.63,0.7158,42.2,2020
3334,1,C04E,fagr,35.61,0.1252,35.16,2020
3335,1,C04E,fagr,68.14,0.2361,34.65,2020
3338,1,C04E,acru,39.14,0.2003,51.18,2020
3339,1,C04E,acru,45.05,0.2135,47.39,2020
3340,1,C04E,fagr,59.52,0.2222,37.33,2020
3342,1,C04E,acpe,97.66,0.3573,36.59,2020
3343,1,C04E,fagr,35.43,0.1381,38.98,2020
3344,1,C04E,fagr,62.42,0.3134,50.21,2020
3942,1,C01W,fagr,25.18,0.0844,33.52,2020
3943,1,C01W,fagr,37.87,0.1273,33.61,2020
3944,1,C01W,fagr,60.08,0.2328,38.75,2020
3947,1,C01W,quru,119.86,0.5895,49.18,2020
3948,1,C01W,fagr,25.5,0.085,33.33,2020
3949,1,C01W,fagr,41.81,0.1867,44.65,2020
3950,1,C01W,amel,20.65,0.1149,55.64,2020
3951,1,C01W,fagr,31.04,0.1121,36.11,2020
3953,1,C01W,fagr,48.64,0.1526,31.37,2020
3954,1,C01W,fagr,20.49,0.0661,32.26,2020
3955,1,C01W,quru,57.46,0.2937,51.11,2020
3958,1,C01E,pist,1.098,0.0115,104.74,2020
3959,1,C01E,fagr,29.64,0.0892,30.09,2020
3960,1,C01E,pist,0.902,0.0079,87.58,2020
3961,1,C01E,pist,0.902,0.0086,95.34,2020
3962,1,C01E,fagr,56.57,0.1459,25.79,2020
3963,1,C01E,fagr,62.97,0.1752,27.82,2020
3966,1,C01E,fagr,69.32,0.2163,31.2,2020
3968,1,C02W,acpe,192.18,0.5961,31.02,2020
3969,1,C02W,fagr,40.15,0.1094,27.25,2020
3973,1,C02W,fagr,26.58,0.0789,29.68,2020
3974,1,C02W,fagr,64.22,0.1624,25.29,2020
3976,1,C02W,acpe,103.83,0.3344,32.21,2020
3977,1,C02W,amel,12.79,0.0524,40.97,2020
3978,1,C02W,fagr,72.12,0.2205,30.57,2020
3979,1,C02W,fagr,44.44,0.1489,33.51,2020
3980,1,C02E,acpe,146.94,0.4523,30.78,2020
3985,1,C02E,acpe,148.07,0.4822,32.57,2020
3986,1,C02E,acpe,175.13,0.486,27.75,2020
3988,1,C02E,acpe,51.24,0.1643,32.06,2020
3989,1,C02E,acpe,187.03,0.5888,31.48,2020
3990,1,C02E,acpe,124.56,0.462,37.09,2020
3991,1,C02E,acpe,106.76,0.385,36.06,2020
3992,1,C02E,acpe,111.33,0.3701,33.24,2020
3993,1,C02E,acpe,189.76,0.7365,38.81,2020
3995,1,A03E,acsa,40.97,0.1149,28.04,2020
3996,1,A03E,fagr,40.62,0.1165,28.68,2020
3997,1,A03E,fagr,52.39,0.1409,26.89,2020
3999,1,A03E,fagr,48.88,0.1611,32.96,2020
4000,1,A03E,fagr,37.35,0.1142,30.58,2020
4002,1,A03E,acpe,248.85,0.7698,30.93,2020
4003,1,A03E,fagr,62.28,0.1537,24.68,2020
4004,1,A03E,fagr,52.71,0.1859,35.27,2020
4006,1,A03W,acpe,222.14,0.5713,25.72,2020
4007,1,A03W,fagr,41.05,0.0968,23.58,2020
4009,1,A03W,acpe,99.34,0.2524,25.41,2020
4010,1,A03W,fagr,36.41,0.0961,26.39,2020
4011,1,A03W,fagr,43.34,0.1133,26.14,2020
4012,1,A03W,fagr,29.12,0.0831,28.54,2020
4013,1,A03W,fagr,52.33,0.1343,25.66,2020
4015,1,A03W,fagr,66.75,0.1711,25.63,2020
4016,1,A03W,fagr,45.38,0.1149,25.32,2020
4017,1,A03W,fagr,73.72,0.159,21.57,2020
4019,1,A01E,acpe,111.99,0.2338,20.88,2020
4020,1,A01E,acpe,74.72,0.1678,22.46,2020
4022,1,A01E,acpe,216.8,0.7095,32.73,2020
4023,1,A01E,fagr,65.41,0.1958,29.93,2020
4024,1,A01E,fagr,44.13,0.1225,27.76,2020
4025,1,A01E,acpe,135.65,0.3261,24.04,2020
4026,1,A01E,acpe,270.52,0.6377,23.57,2020
4027,1,A01E,acpe,164.04,0.4147,25.28,2020
4030,1,A01W,fagr,51.03,0.144,28.22,2020
4032,1,A01W,acpe,151.5,0.3982,26.28,2020
4033,1,A01W,fagr,54.56,0.178,32.62,2020
4035,1,A01W,acpe,94.26,0.1794,19.03,2020
4036,1,A01W,fagr,101.38,0.3042,30.01,2020
4037,1,A01W,fagr,52.01,0.1799,34.59,2020
4040,1,A02W,acpe,189.59,0.401,21.15,2020
4041,1,A02W,acpe,82.4,0.2014,24.44,2020
4042,1,A02W,acpe,164.94,0.3834,23.24,2020
4043,1,A02W,acpe,146.65,0.4066,27.73,2020
4046,1,A02W,fagr,79.4,0.2397,30.19,2020
4047,1,A02W,fagr,63.19,0.1708,27.03,2020
4048,1,A02W,fagr,58.42,0.1979,33.88,2020
4051,1,A02W,acpe,124.34,0.3627,29.17,2020
4055,1,A04W,fagr,57.25,0.1143,19.97,2020
4056,1,A04W,fagr,59.84,0.1273,21.27,2020
4058,1,A04W,fagr,41.29,0.1035,25.07,2020
4059,1,A04W,fagr,32.5,0.0731,22.49,2020
4060,1,A04W,fagr,55.06,0.119,21.61,2020
4062,1,A04W,fagr,64.96,0.1443,22.21,2020
4063,1,A04W,fagr,76.82,0.216,28.12,2020
4064,1,A04W,fagr,72.98,0.1493,20.46,2020
4066,1,A04E,acpe,53.71,0.0985,18.34,2020
4067,1,A04E,acpe,121.2,0.2433,20.07,2020
4071,1,A04E,acpe,112.39,0.2589,23.04,2020
4072,1,A04E,acpe,42.35,0.0787,18.58,2020
4073,1,A04E,acpe,66.82,0.1431,21.42,2020
4076,1,B02W,acpe,214.46,0.7121,33.2,2020
4077,1,B02W,fagr,51.37,0.1541,30,2020
4078,1,B02W,fagr,92.57,0.361,39,2020
4079,1,B02E,acpe,102.2,0.3116,30.49,2020
4080,1,B02W,fagr,42.61,0.1034,24.27,2020
4081,1,B02W,fagr,74.76,0.1959,26.2,2020
4082,1,B02W,fagr,42.82,0.1093,25.53,2020
4083,1,B02W,acpe,114.12,0.3351,29.36,2020
4084,1,B02W,amel,25.71,0.088,34.23,2020
4085,1,B02E,fagr,53.31,0.1462,27.42,2020
4087,1,B02E,fagr,71.43,0.1696,23.74,2020
4088,1,B02E,fagr,56.22,0.1455,25.88,2020
4089,1,B02E,fagr,42.74,0.1071,25.06,2020
4090,1,B02E,fagr,80.36,0.228,28.37,2020
4091,1,B02E,fagr,42.54,0.1269,29.83,2020
4092,1,B02E,fagr,72,0.1945,27.01,2020
4093,1,B02E,fagr,97.85,0.2431,24.84,2020
4094,1,B02E,acpe,74.86,0.175,23.38,2020
4095,1,B01E,acpe,149.56,0.3748,25.06,2020
4096,1,B01E,fagr,40.98,0.0943,23.01,2020
4097,1,B01E,fagr,25.65,0.0624,24.33,2020
4098,1,B01E,fagr,56.34,0.1519,26.96,2020
4100,1,B01E,fagr,76.86,0.1895,24.66,2020
4101,1,B01E,fagr,35.59,0.0856,24.05,2020
4102,1,B01E,fagr,34.42,0.0973,28.27,2020
4103,1,B01W,acpe,195.58,0.5746,29.38,2020
4104,1,B01W,fagr,42.33,0.0921,21.76,2020
4105,1,B01W,fagr,37.25,0.0754,20.24,2020
4106,1,B01W,fagr,55.64,0.1235,22.2,2020
4108,1,B04E,acpe,109.88,0.2619,23.84,2020
4109,1,B04E,fagr,77.16,0.1953,25.31,2020
4110,1,B04E,fagr,54.9,0.1508,27.47,2020
4111,1,B04E,acpe,82.57,0.1896,22.96,2020
4112,1,B04E,acru,51.72,0.2169,41.94,2020
4113,1,B04E,fagr,47.04,0.1347,28.64,2020
4114,1,B04E,fagr,44.79,0.1053,23.51,2020
4120,1,B04W,acru,62.2,0.2479,39.86,2020
4121,1,B04W,quru,68.83,0.3127,45.43,2020
4122,1,B04W,fagr,65.48,0.2095,31.99,2020
4123,1,B04W,acru,69.34,0.2829,40.8,2020
4124,1,B04W,acru,48.86,0.1947,39.85,2020
4125,1,B04W,acru,61.17,0.2539,41.51,2020
4126,1,B04W,fagr,34.32,0.0969,28.23,2020
4127,1,B04W,quru,61.44,0.2995,48.75,2020
4136,1,B02W,fagr,52.08,0.141,27.07,2020
4137,1,B02W,fagr,65.21,0.1821,27.93,2020
4139,1,B01E,fagr,46.26,0.1166,25.21,2020
4601,1,B01E,fagr,98.94,0.2651,26.79,2020
4602,1,B04E,fagr,58.58,0.1765,30.13,2020
4603,1,B02W,fagr,49.26,0.1768,35.89,2020
4604,1,A04E,acpe,236.38,0.53,22.42,2020
4605,1,A02W,acpe,97.29,0.2844,29.23,2020
4606,1,A02W,acpe,55.03,0.1689,30.69,2020
4607,1,C03W,fagr,87.13,0.2659,30.52,2020
4608,1,C03E,fagr,59.55,0.2064,34.66,2020
4609,1,C03E,fagr,81.12,0.2682,33.06,2020
4610,1,D04W,pist,1.198,0.0116,96.83,2020
4611,1,D04W,pist,1.065,0.0114,107.04,2020
4612,1,D04W,pist,1.13,0.0118,104.42,2020
4613,1,D04W,pist,1.233,0.0127,103,2020
4614,1,D03W,acru,68.5,0.4689,68.45,2020
4615,1,D03E,fagr,65.31,0.1929,29.54,2020
4616,1,D03E,fagr,69,0.1914,27.74,2020
4617,1,D03E,quru,107.09,0.4875,45.52,2020
4618,1,D03E,fagr,72.53,0.2347,32.36,2020
4619,1,D01W,pist,0.845,0.0079,93.49,2020
4620,1,D01E,acru,65.33,0.3321,50.83,2020
4621,1,D01E,fagr,59.92,0.2487,41.51,2020
4622,1,D02E,acru,82.32,0.4568,55.49,2020
4623,1,C04W,fagr,43.05,0.1417,32.92,2020
2684,1,A04E,acpe,112.45,0.2673,23.7705647,2021
3286,1,D02E,acru,34.03,0.1804,53.01204819,2021
3287,1,D02E,acru,73.45,0.5174,70.44247788,2021
3288,1,D02E,fagr,35.16,0.1401,39.84641638,2021
3289,1,D02E,acru,41.18,0.3089,75.01214182,2021
3290,1,D02E,fagr,37.35,0.1518,40.64257028,2021
3293,1,D02E,acru,28.5,0.1833,64.31578947,2021
3294,1,D02E,fagr,40.42,0.1579,39.0648194,2021
4001,1,A03E,fagr,97.65,0.3202,32.7905786,2021
4622,1,D02E,acru,74.94,0.3639,48.55884708,2021
4623,1,C04W,fagr,43.21,0.1243,28.76648924,2021
4627,1,A01E,acpe,110.11,0.2848,25.86504405,2021
4628,1,A01W,fagr,78.19,0.2379,30.42588566,2021
16,1,D04W,pist,1.142,0.0166,145.3590193,2021
77,1,D04W,amel,13.27,0.1435,108.1386586,2021
99,1,D04W,pist,1.215,0.0127,104.526749,2021
101,1,D04W,pist,1.25,0.0135,108,2021
149,1,D04E,acru,38.1,0.2466,64.72440945,2021
154,1,D04E,quru,90.4,0.4099,45.34292035,2021
160,1,D04E,pist,0.83,0.0113,136.1445783,2021
175,1,D04E,pist,0.926,0.0134,144.7084233,2021
242,1,D02W,fagr,39.62,0.1664,41.99899041,2021
259,1,D02W,pist,1.383,0.0152,109.9060014,2021
325,1,D02E,pist,0.87,0.0118,135.6321839,2021
390,1,D03E,fagr,79.6,0.2648,33.26633166,2021
513,1,D03W,acru,36.84,0.2021,54.85884908,2021
526,1,D03W,fagr,82.26,0.3067,37.28422076,2021
527,1,D03W,fagr,45.29,0.1641,36.23316405,2021
538,1,D03W,fagr,71.63,0.2901,40.49979059,2021
591,1,D01W,pist,0.382,0.0049,128.2722513,2021
625,1,D01W,pist,0.785,0.0091,115.9235669,2021
637,1,D01W,quru,70.81,0.3408,48.12879537,2021
647,1,D01E,acru,75.34,0.3541,47.00026546,2021
649,1,D01E,acru,37.25,0.1362,36.56375839,2021
667,1,D01E,fagr,55.75,0.1809,32.44843049,2021
668,1,D01E,fagr,26.35,0.0663,25.16129032,2021
690,1,D01E,quru,36.15,0.1693,46.83264177,2021
697,1,D01E,quru,68.76,0.3765,54.7556719,2021
704,1,D01E,quru,70.54,0.3604,51.09157925,2021
736,1,C01E,pist,1.083,0.0121,111.7266851,2021
737,1,C01E,pist,1.017,0.0142,139.626352,2021
775,1,C01E,fagr,55.52,0.1472,26.5129683,2021
805,1,C01E,fagr,67.54,0.2005,29.68611193,2021
806,1,C01E,fagr,37.92,0.0971,25.60654008,2021
879,1,C01W,acru,53.1,0.2178,41.01694915,2021
931,1,C02W,acru,70.61,0.2861,40.51834018,2021
934,1,C02W,acpe,114.05,0.4118,36.10697063,2021
966,1,C02W,fagr,93.87,0.2438,25.97208906,2021
1101,1,C02E,pist,1.18,0.0072,61.01694915,2021
1102,1,C02E,pist,0.759,0.0089,117.259552,2021
1198,1,C03W,fagr,83.02,0.2052,24.71693568,2021
1272,1,C03E,acpe,167.72,0.6123,36.50727403,2021
1273,1,C03E,acpe,104.42,0.4431,42.43439954,2021
1274,1,C03E,acpe,136.44,0.4706,34.49135151,2021
1451,1,C04W,acru,84.42,0.3286,38.92442549,2021
1592,1,B01W,acru,48.47,0.1769,36.49680215,2021
1594,1,B01W,acru,56.44,0.2114,37.45570517,2021
1595,1,B01W,fagr,59.29,0.1397,23.56215213,2021
1627,1,B01W,fagr,31.74,0.0643,20.25834909,2021
1628,1,B01W,fagr,59.67,0.1534,25.708061,2021
1631,1,B01W,fagr,26.66,0.0651,24.41860465,2021
1647,1,B01W,fagr,42.88,0.0924,21.54850746,2021
1649,1,B01W,fagr,72.5,0.1789,24.67586207,2021
1663,1,B01E,fagr,45.24,0.1036,22.90008842,2021
1741,1,B01E,fagr,52.44,0.1393,26.56369184,2021
1742,1,B01E,acpe,248.98,0.7096,28.50028115,2021
1780,1,B02W,acpe,230.21,0.7876,34.212241,2021
1884,1,B02E,acpe,26.01,0.0651,25.02883506,2021
1949,1,B02E,fagr,49.86,0.1362,27.31648616,2021
1968,1,B03W,fagr,42.38,0.1126,26.56913639,2021
2003,1,B03W,fagr,47.2,0.1417,30.02118644,2021
2060,1,B03W,fagr,58.93,0.1511,25.64059053,2021
2061,1,B03W,acpe,87.33,0.3097,35.46318562,2021
2062,1,B03W,fagr,49.97,0.2456,49.14948969,2021
2130,1,B03E,acru,57.01,0.2291,40.18593229,2021
2206,1,B04W,fagr,42.14,0.0999,23.70669198,2021
2226,1,B04W,acpe,167.12,0.5019,30.03231211,2021
2227,1,B04W,acpe,88.05,0.2537,28.81317433,2021
2228,1,B04W,acpe,127.37,0.4397,34.52147287,2021
2262,1,B04E,acpe,73.48,0.2232,30.37561241,2021
2263,1,B04E,acpe,51.1,0.1431,28.00391389,2021
2311,1,B04E,acru,40.57,0.1401,34.53290609,2021
2312,1,B04E,acru,50.98,0.1723,33.79756767,2021
2334,1,B04E,acpe,66.15,0.1504,22.73620559,2021
2362,1,A03W,fagr,35.99,0.0762,21.17254793,2021
2388,1,A03W,acpe,135.12,0.3294,24.37833037,2021
2552,1,A03E,fagr,36.84,0.0864,23.45276873,2021
2553,1,A03E,fagr,45.79,0.1291,28.19392881,2021
2554,1,A03E,fagr,27.08,0.0778,28.72968981,2021
2593,1,A04W,fagr,86.03,0.1745,20.28362199,2021
2643,1,A04W,acsa,55.55,0.1408,25.34653465,2021
2647,1,A04W,fagr,32.15,0.0665,20.68429238,2021
2668,1,A04W,fagr,35.28,0.0763,21.62698413,2021
2708,1,A04E,fagr,42.87,0.0945,22.04338698,2021
2709,1,A04E,fagr,47.1,0.1071,22.7388535,2021
2718,1,A04E,fagr,59.82,0.1126,18.82313607,2021
2733,1,A04E,acpe,75.06,0.1487,19.81081801,2021
2760,1,A04E,fagr,23.43,0.0576,24.58386684,2021
2784,1,A01E,acpe,133.75,0.3071,22.96074766,2021
2835,1,A01E,acpe,266.68,0.6413,24.04754762,2021
2836,1,A01E,acpe,331.29,0.9386,28.33167316,2021
2838,1,A01E,acpe,200.87,0.4931,24.54821526,2021
2880,1,A01W,fagr,40.52,0.1029,25.39486673,2021
2881,1,A01W,fagr,48.94,0.1087,22.21087045,2021
2883,1,A01W,fagr,74.31,0.1728,23.25393621,2021
2906,1,A01W,fagr,42.45,0.0972,22.8975265,2021
2934,1,A01W,fagr,35.8,0.0994,27.76536313,2021
3000,1,A02W,acpe,178.16,0.4835,27.13852717,2021
3001,1,A02W,acpe,118.42,0.3231,27.28424253,2021
3090,1,A02E,fagr,34.9,0.0572,16.38968481,2021
3092,1,A02E,acpe,70.37,0.1249,17.74904078,2021
3165,1,A02E,acpe,92.77,0.1621,17.47332112,2021
3167,1,C03W,acpe,33.21,0.092,27.70249925,2021
3168,1,C03W,acpe,381.82,1.4352,37.58839244,2021
3169,1,C03W,acpe,66.68,0.1722,25.82483503,2021
3171,1,C03W,fagr,74.38,0.2998,40.30653401,2021
3172,1,C03W,fagr,90.84,0.3673,40.43372963,2021
3173,1,C03W,acpe,268.82,1.0807,40.2016219,2021
3174,1,C03W,fagr,28.96,0.0758,26.17403315,2021
3175,1,C03W,acpe,159.88,0.3659,22.88591444,2021
3176,1,C03W,fagr,43.72,0.1724,39.43275389,2021
3179,1,C03E,fagr,51.09,0.2712,53.08279507,2021
3181,1,C03E,acpe,95.25,0.331,34.75065617,2021
3182,1,C03E,fagr,37.11,0.2324,62.62462948,2021
3183,1,C03E,fagr,49.21,0.1785,36.27311522,2021
3184,1,C03E,acpe,77.14,0.208,26.96396163,2021
3185,1,C03E,acpe,107.77,0.4071,37.77489097,2021
3186,1,C03E,acpe,83.79,0.2084,24.87170307,2021
3187,1,D03W,acru,57.61,0.2546,44.19371637,2021
3188,1,D03W,acru,42.93,0.2014,46.91358025,2021
3190,1,D03W,fagr,46.56,0.1243,26.6967354,2021
3192,1,D03W,acru,32.15,0.1497,46.562986,2021
3193,1,D03W,acru,73.47,0.4126,56.15897645,2021
3196,1,D03W,acru,33.13,0.1687,50.92061576,2021
3197,1,D03W,acru,53.2,0.2917,54.83082707,2021
3198,1,D03W,acru,77.8,0.3178,40.84832905,2021
3201,1,D03E,acru,79.17,0.3065,38.7141594,2021
3202,1,D03E,acru,63.17,0.2858,45.24299509,2021
3205,1,D03E,acru,38.23,0.2281,59.66518441,2021
3206,1,D03E,quru,69.93,0.3968,56.74245674,2021
3208,1,D03E,fagr,68.9,0.2313,33.57039187,2021
3209,1,D03E,fagr,58.69,0.2367,40.33055035,2021
3210,1,D03E,fagr,40.57,0.1472,36.28296771,2021
3213,1,D01E,fagr,41.72,0.105,25.16778523,2021
3214,1,D01E,acru,74.16,0.399,53.802589,2021
3220,1,D01W,fagr,26.49,0.1028,38.80709702,2021
3224,1,D01W,pist,1.091,0.0102,93.49220898,2021
3225,1,D01W,pist,0.948,0.0115,121.3080169,2021
3227,1,D01W,pist,0.854,0.0105,122.9508197,2021
3229,1,D01W,pist,0.502,0.0071,141.4342629,2021
3231,1,D02W,acru,35.72,0.2112,59.12653975,2021
3232,1,D02W,fagr,36.07,0.1063,29.47047408,2021
3233,1,D02W,fagr,20.03,0.0518,25.86120819,2021
3236,1,D02W,fagr,34.81,0.1271,36.51249641,2021
3237,1,D02W,fagr,30.09,0.1206,40.07976072,2021
3239,1,D02W,fagr,51.95,0.2199,42.32916266,2021
3240,1,D02W,acru,66.03,0.3661,55.44449493,2021
3242,1,D02W,pist,1.357,0.013,95.79955785,2021
3243,1,D02W,pist,1,0.0114,114,2021
3246,1,A02E,acsa,56.44,0.1178,20.87172218,2021
3247,1,A02E,fagr,52.95,0.1026,19.37677054,2021
3248,1,A02E,fagr,62.64,0.1435,22.90868455,2021
3249,1,A02E,acpe,88.91,0.1712,19.25542684,2021
3250,1,A02E,acpe,41.54,0.0817,19.66779008,2021
3252,1,A02E,acpe,63.51,0.1219,19.19382774,2021
3253,1,A02E,acpe,148.58,0.3562,23.97361691,2021
3254,1,A02E,acpe,25.86,0.0498,19.2575406,2021
3257,1,B03E,fagr,30.96,0.0883,28.52067183,2021
3258,1,B03E,fagr,59.73,0.1976,33.08220325,2021
3259,1,B03E,fagr,45.34,0.1492,32.90692545,2021
3261,1,B03E,acpe,48.09,0.1845,38.36556457,2021
3262,1,B03E,fagr,34.85,0.0923,26.48493544,2021
3263,1,B03E,fagr,47.28,0.1409,29.80118443,2021
3265,1,B03E,fagr,40.57,0.1281,31.57505546,2021
3266,1,B03E,fagr,46.82,0.1253,26.76206749,2021
3267,1,B03E,fagr,67.78,0.1728,25.49424609,2021
3270,1,B03E,acru,76.54,0.0916,11.96759864,2021
3271,1,B03E,fagr,41.58,0.1154,27.75372775,2021
3272,1,B03W,fagr,58.66,0.1433,24.42891238,2021
3273,1,B03W,fagr,43.17,0.1279,29.62705583,2021
3276,1,B03W,fagr,45.7,0.1055,23.08533917,2021
3277,1,B03W,fagr,37.74,0.0908,24.05935347,2021
3278,1,B03W,acru,37.83,0.116,30.66349458,2021
3279,1,B03W,fagr,67.59,0.2298,33.99911229,2021
3280,1,B03W,fagr,41.85,0.1509,36.05734767,2021
3283,1,D02E,acru,36.29,0.1719,47.36842105,2021
3284,1,D02E,acru,56.11,0.3313,59.04473356,2021
3295,1,D02E,pist,1.295,0.0138,106.5637066,2021
3297,1,D04W,acru,34.04,0.2537,74.52996475,2021
3299,1,D04W,amel,29.41,0.1784,60.65963958,2021
3301,1,D04E,fagr,67.38,0.3305,49.05016325,2021
3302,1,D04E,fagr,36.19,0.1682,46.47692733,2021
3305,1,D04E,pist,1.123,0.0154,137.1326803,2021
3306,1,D04E,pist,0.998,0.0119,119.238477,2021
3310,1,D04E,pist,1.05,0.0151,143.8095238,2021
3312,1,C04W,acru,53.14,0.2348,44.18517125,2021
3313,1,C04W,fagr,45.38,0.1461,32.19479947,2021
3317,1,C04W,fagr,23.42,0.0858,36.6353544,2021
3318,1,C04W,fagr,41.73,0.1184,28.37287323,2021
3319,1,C04W,fagr,36.09,0.0955,26.46162372,2021
3322,1,C04W,acru,67.08,0.3036,45.25939177,2021
3323,1,C04W,fagr,47.23,0.1432,30.31971205,2021
3326,1,C04W,acru,28.43,0.1132,39.81709462,2021
3327,1,C04W,fagr,37.06,0.1495,40.33998921,2021
3329,1,C04E,acpe,45.85,0.1527,33.304253,2021
3330,1,C04E,fagr,61.35,0.1722,28.06845966,2021
3331,1,C04E,fagr,49.15,0.1682,34.22177009,2021
3333,1,C04E,acpe,40.64,0.1172,28.83858268,2021
3334,1,C04E,fagr,49.34,0.1735,35.164167,2021
3335,1,C04E,fagr,34.59,0.177,51.17085863,2021
3339,1,C04E,acru,68.34,0.2763,40.43020193,2021
3340,1,C04E,fagr,71.6,0.2642,36.89944134,2021
3342,1,C04E,acpe,74.31,0.2581,34.73287579,2021
3343,1,C04E,fagr,24.48,0.0989,40.4003268,2021
3344,1,C04E,fagr,39.32,0.1606,40.84435402,2021
3942,1,C01W,fagr,22.48,0.0689,30.64946619,2021
3943,1,C01W,fagr,60.82,0.2062,33.90332128,2021
3944,1,C01W,fagr,64.5,0.2281,35.36434109,2021
3947,1,C01W,quru,69.47,0.3019,43.4576076,2021
3948,1,C01W,fagr,28.47,0.0835,29.32911837,2021
3949,1,C01W,fagr,22.91,0.0769,33.56612833,2021
3950,1,C01W,amel,11.93,0.0559,46.85666387,2021
3951,1,C01W,fagr,61.64,0.1832,29.72096042,2021
3953,1,C01W,fagr,38.56,0.1066,27.64522822,2021
3954,1,C01W,fagr,23.9,0.0581,24.30962343,2021
3955,1,C01W,quru,24.23,0.1073,44.28394552,2021
3959,1,C01E,fagr,36.31,0.1063,29.27568163,2021
3960,1,C01E,pist,0.879,0.0105,119.4539249,2021
3961,1,C01E,pist,1.062,0.0158,148.7758945,2021
3962,1,C01E,fagr,49.55,0.1102,22.24016145,2021
3963,1,C01E,fagr,51.2,0.1387,27.08984375,2021
3966,1,C01E,fagr,59.32,0.1841,31.03506406,2021
3968,1,C02W,acpe,179.91,0.5366,29.82602412,2021
3969,1,C02W,fagr,28.22,0.0732,25.93905032,2021
3970,1,C02W,pist,1.15,0.0115,100,2021
3973,1,C02W,fagr,53.78,0.1644,30.56898475,2021
3974,1,C02W,fagr,77.55,0.2115,27.27272727,2021
3976,1,C02W,acpe,155.25,0.4986,32.11594203,2021
3977,1,C02W,amel,10.01,0.0391,39.06093906,2021
3978,1,C02W,fagr,65.08,0.186,28.58020897,2021
3979,1,C02W,fagr,55.69,0.1994,35.80535105,2021
3980,1,C02E,acpe,168.47,0.5358,31.803882,2021
3982,1,C02E,pist,1.441,0.0177,122.8313671,2021
3985,1,C02E,acpe,169.99,0.6357,37.39631743,2021
3986,1,C02E,acpe,117.31,0.3402,29.00008524,2021
3988,1,C02E,acpe,77.06,0.2446,31.74150013,2021
3989,1,C02E,acpe,130.92,0.3979,30.39260617,2021
3990,1,C02E,acpe,102.73,0.3848,37.45741264,2021
3991,1,C02E,acpe,51.82,0.1699,32.78656889,2021
3992,1,C02E,acpe,165.26,0.4779,28.9180685,2021
3993,1,C02E,acpe,77.94,0.2613,33.52578907,2021
3995,1,A03E,acsa,81.66,0.2448,29.97795738,2021
3996,1,A03E,fagr,41.42,0.1057,25.51907291,2021
3997,1,A03E,fagr,70.57,0.1936,27.43375372,2021
3999,1,A03E,fagr,29.98,0.0909,30.32021348,2021
4000,1,A03E,fagr,54.46,0.1638,30.07712082,2021
4002,1,A03E,acpe,184.81,0.6201,33.55337915,2021
4003,1,A03E,fagr,36.72,0.0953,25.95315904,2021
4004,1,A03E,fagr,57.14,0.1596,27.93139657,2021
4006,1,A03W,acpe,159.45,0.4112,25.78864848,2021
4007,1,A03W,fagr,34.57,0.0772,22.3315013,2021
4009,1,A03W,acpe,85.07,0.2001,23.52180557,2021
4010,1,A03W,fagr,52.21,0.1259,24.11415438,2021
4011,1,A03W,fagr,61.9,0.1399,22.60096931,2021
4012,1,A03W,fagr,41.4,0.0974,23.52657005,2021
4013,1,A03W,fagr,51.51,0.128,24.84954378,2021
4015,1,A03W,fagr,47.85,0.1102,23.03030303,2021
4016,1,A03W,fagr,47.32,0.1026,21.68216399,2021
4017,1,A03W,fagr,28.19,0.0557,19.75877971,2021
4019,1,A01E,acpe,61.74,0.1385,22.43278264,2021
4020,1,A01E,acpe,174.6,0.4293,24.58762887,2021
4022,1,A01E,acpe,101.82,0.3332,32.72441564,2021
4023,1,A01E,fagr,41.03,0.1252,30.51425786,2021
4024,1,A01E,fagr,66.69,0.1822,27.32043785,2021
4026,1,A01E,acpe,28.3,0.0572,20.21201413,2021
4027,1,A01E,acpe,223.18,0.7077,31.70983063,2021
4030,1,A01W,fagr,75.08,0.2259,30.08790623,2021
4032,1,A01W,acpe,248.55,0.8732,35.13176423,2021
4033,1,A01W,fagr,119.37,0.3856,32.30292368,2021
4035,1,A01W,acpe,205.59,0.4773,23.21610973,2021
4036,1,A01W,fagr,67.49,0.1795,26.59653282,2021
4037,1,A01W,fagr,42.13,0.0958,22.73914075,2021
4040,1,A02W,acpe,209,0.6193,29.63157895,2021
4041,1,A02W,acpe,91.19,0.2391,26.21998026,2021
4042,1,A02W,acpe,232.17,0.5276,22.72472757,2021
4043,1,A02W,acpe,145.12,0.4675,32.21471885,2021
4046,1,A02W,fagr,40.95,0.1138,27.78998779,2021
4047,1,A02W,fagr,27.86,0.0647,23.22325915,2021
4048,1,A02W,fagr,81.4,0.3237,39.76658477,2021
4055,1,A04W,fagr,63.95,0.1263,19.74980453,2021
4056,1,A04W,fagr,50.29,0.1031,20.50109366,2021
4058,1,A04W,fagr,52.8,0.1165,22.06439394,2021
4059,1,A04W,fagr,62.89,0.1411,22.43599936,2021
4060,1,A04W,fagr,48.25,0.0995,20.62176166,2021
4062,1,A04W,fagr,95.62,0.1957,20.46642962,2021
4063,1,A04W,fagr,38.89,0.0982,25.25070712,2021
4064,1,A04W,fagr,60.83,0.1152,18.938024,2021
4066,1,A04E,acpe,50.82,0.1248,24.55726092,2021
4067,1,A04E,acpe,133.31,0.3331,24.9868727,2021
4071,1,A04E,acpe,134.14,0.3287,24.50424929,2021
4072,1,A04E,acpe,55.04,0.109,19.80377907,2021
4073,1,A04E,acpe,136.4,0.2687,19.69941349,2021
4076,1,B02W,acpe,183.97,0.5469,29.72767299,2021
4077,1,B02W,fagr,88.01,0.3029,34.41654357,2021
4078,1,B02W,fagr,65.79,0.2546,38.69889041,2021
4079,1,B02E,acpe,157.54,0.5058,32.10613178,2021
4080,1,B02W,fagr,60.72,0.1416,23.3201581,2021
4081,1,B02W,fagr,37.15,0.0921,24.79138627,2021
4082,1,B02W,fagr,33.85,0.0894,26.41063516,2021
4083,1,B02W,acpe,58.42,0.1971,33.73844574,2021
4084,1,B02W,amel,13.91,0.0476,34.21998562,2021
4085,1,B02E,fagr,47.8,0.1328,27.78242678,2021
4087,1,B02E,fagr,55.49,0.1383,24.92340962,2021
4088,1,B02E,fagr,42.7,0.1033,24.19203747,2021
4089,1,B02E,fagr,63.14,0.1695,26.84510611,2021
4090,1,B02E,fagr,78.59,0.2136,27.17903041,2021
4091,1,B02E,fagr,38.17,0.1027,26.90594708,2021
4092,1,B02E,fagr,43.02,0.1074,24.9651325,2021
4093,1,B02E,fagr,92.82,0.2466,26.5675501,2021
4094,1,B02E,acpe,69.54,0.1707,24.5470233,2021
4095,1,B01E,acpe,168.29,0.4409,26.19882346,2021
4096,1,B01E,fagr,73.04,0.1851,25.3422782,2021
4097,1,B01E,fagr,22.24,0.0525,23.60611511,2021
4098,1,B01E,fagr,44.68,0.1076,24.08236347,2021
4100,1,B01E,fagr,52.54,0.1275,24.26722497,2021
4101,1,B01E,fagr,30.01,0.078,25.99133622,2021
4102,1,B01E,fagr,45.72,0.1178,25.76552931,2021
4103,1,B01W,acpe,131.67,0.3537,26.86261107,2021
4104,1,B01W,fagr,45.04,0.0961,21.3365897,2021
4105,1,B01W,fagr,36.27,0.0731,20.15439757,2021
4106,1,B01W,fagr,54.67,0.1147,20.98042802,2021
4108,1,B04E,acpe,42.09,0.0851,20.21857923,2021
4109,1,B04E,fagr,87.22,0.2633,30.18803027,2021
4110,1,B04E,fagr,48.84,0.1245,25.49140049,2021
4111,1,B04E,acpe,85.87,0.1846,21.49761267,2021
4112,1,B04E,acru,62.56,0.2473,39.53005115,2021
4113,1,B04E,fagr,81.45,0.2233,27.41559239,2021
4114,1,B04E,fagr,50.97,0.1293,25.36786345,2021
4120,1,B04W,acru,49.66,0.2109,42.46878776,2021
4121,1,B04W,quru,86.11,0.3678,42.7128092,2021
4122,1,B04W,fagr,47.14,0.1618,34.32329232,2021
4123,1,B04W,acru,24.16,0.0926,38.32781457,2021
4124,1,B04W,acru,51.36,0.1894,36.87694704,2021
4125,1,B04W,acru,49.97,0.2238,44.78687212,2021
4126,1,B04W,fagr,42.22,0.1187,28.11463761,2021
4127,1,B04W,quru,122.73,0.5608,45.6937994,2021
4136,1,B02W,fagr,33.46,0.0752,22.47459653,2021
4137,1,B02W,fagr,94.48,0.2981,31.55165114,2021
4139,1,B01E,fagr,38.27,0.0967,25.26783381,2021
4601,1,B01E,fagr,46.73,0.1235,26.42841857,2021
4602,1,B04E,fagr,29.76,0.0756,25.40322581,2021
4603,1,B02W,fagr,75.48,0.2811,37.24165342,2021
4604,1,A04E,acpe,80.56,0.1604,19.91062562,2021
4605,1,A02W,acpe,153.5,0.6711,43.71986971,2021
4606,1,A02W,acpe,151.68,0.6757,44.54773207,2021
4607,1,C03W,fagr,65.91,0.1952,29.61614323,2021
4608,1,C03E,fagr,41.76,0.1666,39.89463602,2021
4609,1,C03E,fagr,43.52,0.1585,36.42003676,2021
4612,1,D04W,pist,1.516,0.0167,110.1583113,2021
4613,1,D04W,pist,1.217,0.0142,116.6803615,2021
4614,1,D03W,acru,82.77,0.5103,61.65277274,2021
4615,1,D03E,fagr,42.59,0.1349,31.6741019,2021
4616,1,D03E,fagr,87.8,0.2663,30.33029613,2021
4617,1,D03E,quru,127.31,0.6342,49.8154112,2021
4618,1,D03E,fagr,95.11,0.2803,29.47113868,2021
4619,1,D01W,pist,0.939,0.0104,110.7561235,2021
4620,1,D01E,acru,65.47,0.2724,41.60684283,2021
4621,1,D01E,fagr,34.2,0.1295,37.86549708,2021
4626,1,A02W,acpe,98.15,0.4334,44.1569027,2021
4625,1,C03W,acpe,195.91,0.6527,33.31631872,2021
4624,1,C04E,acru,27.61,0.1172,42.44838827,2021
