plot,Subplot,mean.height.mean,height.2,mean.height.median,mean.height.var,mean.height.rms,transect.length,can.max.ht,moch,can.max.ht.median,vai.mean,vai.sd,vai.median,vai.column.max,vai.max.ht.mean,vai.max.ht.sd,vai.max.ht.median,vai.max,vai.mean.peak,vai.peak.sd,vai.peak.median,deep.gaps,deep.gap.fraction,porosity,std.std,mean.std,rugosity,top.rugosity,mean.return.ht,sd.return.ht,median.return.ht,sky.fraction,canopy.cover,max.ht,scan.density,rumple,gap.variables,enl,fhd,entropy,gini,mean.intensity,median.intensity,sd.intensity,max.intensity,min.intensity,skew.intensity,kurtosis.intensity,p10,p25,p50,p75,p90
forte2021_A01E_EW.CSV,A01E,9.283036255,7.496106561,6.522287176,56.19161357,11.87272443,40,31.8,19.96555,26.5925,4.339895214,2.785241053,3.938439488,8,6.975,9.338334283,2,6.824764267,2.309950201,1.807102949,1.700778477,0,0,0.78030303,4237.670635,41.8213943,49.88628684,11.71815757,6.851674177,8.814901432,2.439,22.74960417,77.25039583,31.8,2147.525,10.5,0.880357875,20.78596144,2.492086487,8.621289193,1.250394978,62.6144502,65,16.18404926,158,3,-0.739642458,3.808505973,1.312,1.534,2.439,5.63325,23.406
forte2021_A01E_NS.CSV,A01E,3.944430387,2.721039145,3.096277765,7.40405403,4.772576218,40,32.171,8.6246,3.382,4.733210394,3.141878039,4.804642441,8,3.025,2.626174951,2,7.989192744,2.869937037,2.241727141,2.673885463,1,0.025,0.853030303,828.2625766,10.24831447,26.8930219,10.39532617,3.360251495,4.087025363,2.162,29.09007037,70.90992963,32.171,2547.3,8.025,0.688791355,11.11518015,1.862512532,6.464902856,1.182565602,57.9046724,60,12.44072393,112,0.835,-0.851415569,4.848607325,1.309,1.609,2.162,2.76,5.805
forte2021_A01W_EW.CSV,A01W,9.56332466,7.075208977,6.684962532,50.05858206,11.82569834,30,30.355,15.4224,14.243,6.71179484,1.958471111,8,8,9.066666667,8.997828601,4.5,7.484235834,3.548978746,1.860470375,3.131914494,0,0,0.752688172,2283.299945,31.46992824,35.95752441,11.34379576,6.331132113,7.074415895,2.627,7.304023916,92.69597608,30.355,2810,8.3,0.912863518,22.74290628,2.820661676,9.626808997,1.187935671,67.31994625,67,15.48755697,678,6,0.52283767,34.78293834,1.366,1.716,2.624,9.094,18.8898
forte2021_A01W_NS.CSV,A01W,5.066524027,4.054699468,4.25041056,16.44058777,6.457494777,40,28.561,11.0981,5.9655,5.388695642,3.169288369,7.906230946,8,4.65,4.742335246,3,7.997036514,3.396731797,2.416790241,3.510484101,0,0,0.814166667,294.7009112,9.264111547,14.45258276,10.16447554,3.844185838,4.229251614,2.465,21.09645305,78.90354695,28.561,2240.075,7.475,0.790236763,14.48558112,2.372878077,7.953987332,1.314095079,63.45131411,63,36.57341565,6820,2.619,150.6009137,26497.25171,1.388,1.719,2.465,3.51,8.816
forte2021_A02E_EW.CSV,A02E,6.270891675,3.703818399,4.981365134,13.71827073,7.259434989,40,25.857,8.73535,7.245,7.47067887,1.486269401,8,8,6.5,4.904210645,4.5,7.760835807,4.44930302,1.710360967,4.035175719,0,0,0.809259259,194.7002981,7.665430082,11.65939449,5.557125066,3.813961932,3.12875305,2.655,2.126217704,97.8737823,25.857,1770.875,5.5,0.761436554,11.18502899,2.53500065,8.245295855,1.347168531,66.7546884,65,31.06274395,7369,6,187.4196937,44057.71691,1.36,1.706,2.655,4.756,8.413
forte2021_A02E_NS.CSV,A02E,5.048796664,3.398825759,3.639090104,11.55201654,6.062471763,40,20.327,7.584475,4.127,6.944490873,2.185404743,8,8,4.625,4.155240744,3,8,4.684015421,2.104355023,4.934445903,0,0,0.816666667,223.1421285,7.417360484,12.96629831,6.388744309,3.295081358,3.179344788,2.385,6.616089232,93.38391077,20.327,1604.925,4.1,0.649457925,7.670116429,1.966987083,5.924466845,1.19080284,64.17420179,64,17.96905615,3061,0.655,77.69513615,12922.4436,1.558,1.839,2.385,2.833,5.219
forte2021_A02W_EW.CSV,A02W,6.49566642,5.126866951,4.087384258,26.28476473,8.235370535,40,41.785,15.3078,14.748,5.393783188,2.801006363,6.371504958,8,4.85,6.746509069,2,8,3.37760722,2.282430085,3.103239534,0,0,0.844767442,1734.517651,25.88048966,32.63001542,11.33830665,4.35956988,5.868615328,2.009,17.34088888,82.65911112,41.785,2192.775,9.25,0.82019921,18.57935887,2.220336654,8.287489655,1.142294958,60.01871952,61,257.1842169,69199,0.257,268.0048977,72048.43831,1.306,1.506,2.009,3.387,12.736
forte2021_A02W_NS.CSV,A02W,8.647451188,6.169584189,5.95901125,38.06376907,10.53275807,20,33.819,18.4843,21.775,5.440177841,2.831835909,6.812967908,8,6.9,6.835664985,3,7.989187997,3.485869316,2.530329066,3.723134388,0,0,0.761428571,2707.109497,35.60293276,37.94127931,14.1433387,6.653829023,8.149815307,2.156,17.03718023,82.96281977,33.819,2328,9,0.867573527,22.08155186,2.262853809,7.967559799,1.193799401,61.26585591,64,30.3118978,5207,3,126.5839448,21503.97417,1.307,1.731,2.156,11.581,17.339
forte2021_A03E_EW.CSV,A03E,10.50966101,5.540162398,11.4749289,30.6933994,11.84816606,40,29.233,17.44325,19.8565,6.492496593,2.629950127,8,8,10.075,7.714081363,9.5,7.688202289,3.195939129,2.043129979,2.962104953,0,0,0.680833333,1300.11617,27.50273292,23.31771541,7.898786651,6.820759645,6.411466424,4.403,13.89027431,86.10972569,29.233,1904.875,7.1,0.928284832,23.77840817,3.013979385,10.17307922,1.244567105,64.97754672,65,19.81714129,942,0.416,1.48134001,70.07682184,1.341,1.866,4.403,10.494,17.726
forte2021_A03E_NS.CSV,A03E,6.343633517,4.553808195,4.117479394,20.73716907,7.775630267,40,30.781,10.779025,4.8585,6.35803664,2.428470956,8,8,6.45,6.488451279,3,8,3.634855627,2.201511705,2.957051759,0,0,0.82265625,839.8080002,16.869325,23.56340116,9.588738522,4.373295119,5.155136175,2.319,8.087796731,91.91220327,30.781,1886.3,8.55,0.729772096,13.91547394,2.438916468,8.357917032,1.247331867,64.84266778,65,15.8610329,687,5.269,0.918681737,38.20224458,1.469,1.745,2.319,3.461,14.922
forte2021_A03W_EW.CSV,A03W,7.726763959,4.003853793,7.178685849,16.03084519,8.679455936,40,23.213,12.534825,12.7265,6.140170029,2.560244766,8,8,8.075,5.676706792,7.5,8,3.266524063,1.994485414,3.001411107,0,0,0.723958333,345.186727,13.20518184,13.06942613,6.381342234,4.867888119,3.990637107,3.622,9.862470246,90.13752975,23.213,1890.625,6.5,0.875397268,16.55078954,2.787164351,8.764830479,1.634705906,68.45304253,69,16.24695863,132,0.926,-0.408937418,3.696861195,1.441,1.919,3.622,6.5315,10.212
forte2021_A03W_NS.CSV,A03W,7.012060057,5.991118054,4.377743282,35.89349554,9.174156332,40,27.709,11.3203,6.8255,5.805277084,2.771793827,8,8,6.75,7.728568382,3,8,3.592087044,2.178906373,3.723826917,0,0,0.802586207,1234.588895,17.23534291,30.61914188,9.333731637,4.94973519,6.238368385,2.319,12.7397246,87.2602754,27.709,2394.8,6.225,0.764276642,13.92855246,2.584018651,8.583482739,1.293098659,68.52341297,69,13.99894666,118,0.95,-0.50584712,4.258257294,1.363,1.718,2.319,4.452,13.041
forte2021_A04E_EW.CSV,A04E,12.42230255,9.279854574,10.41494575,86.11570091,15.43620449,40,35.844,17.0504,15.387,6.779749257,2.130616079,8,8,13.8,11.98118183,10.5,8,3.775233714,2.100007929,3.445462497,0,0,0.825675676,2581.625875,31.43699944,39.91667498,12.36703351,7.959801892,7.947799826,4.003,6.118103461,93.88189654,35.844,1714.3,5.975,0.947423127,25.94076383,2.898396969,10.37387342,1.168790896,71.10157896,70,187.6690416,47492,6,250.6484183,63335.22384,1.812,2.136,4.003,12.271,16.994
forte2021_A04E_NS.CSV,A04E,8.15197175,6.237451174,7.331395349,38.90579714,10.22654999,50,35.251,12.87756,11.7885,6.299816912,2.961082467,8,8,7.64,7.620487959,4,8,4.131584486,2.715225572,4.350707484,2,0.04,0.853888889,1348.766428,20.36356176,30.56291512,10.58915944,6.073053299,6.467443775,3.232,22.44433705,77.55566295,35.251,1696.94,9.12,0.899493106,18.71962111,2.523565529,8.990186799,1.2383131,64.97642283,65,26.12041579,5358,1.811,126.5534784,25632.57116,1.787,2.121,3.232,7.23,13.582
forte2021_A04W_EW.CSV,A04W,18.11920601,5.855536492,19.85933658,34.28730761,19.01935202,40,34.223,21.244775,21.7625,7.844660702,0.594594548,8,8,18.6,6.674866752,20,6.835358344,3.582272318,1.366970579,3.369763533,0,0,0.767142857,442.8677736,13.15480363,16.42616556,6.662310581,14.01861121,6.977425788,15.948,0.757794457,99.24220554,34.341,1385.725,5.825,0.893896392,22.00331263,3.119283647,11.03084746,1.510432976,80.22967743,82,15.57730158,130,4,-0.879565197,4.358647202,3.697,8.549,15.947,18.836,21.418
forte2021_A04W_NS.CSV,A04W,17.47702715,7.557776227,20.19408846,57.11998149,19.00364333,40,28.508,20.481675,23.8465,7.299132096,1.780879373,8,8,18.3,8.348806148,20,8,3.769725035,1.550687473,3.543475061,0,0,0.758333333,196.2425275,10.15779425,9.646851477,8.25867902,13.29900591,7.400326717,16.13,3.703834725,96.29616528,28.508,1413.525,4.95,0.926003599,21.25884732,3.040383959,10.18584797,1.630169036,77.76641746,83,21.33262599,1087,6,2.07813634,146.3558001,1.289,6.106,16.128,19.365,21.768
forte2021_B01E_EW.CSV,B01E,11.70479437,6.086641913,12.30477581,37.04720978,13.15763051,40,30.148,18.014725,19.8215,6.680140029,2.329174867,8,8,12.65,8.678148213,13.5,7.36641106,3.15300995,1.467541499,3.249431857,0,0,0.764516129,1747.283771,29.30778923,29.80498718,8.556669478,6.932442197,5.962196847,3.173,8.313741438,91.68625856,30.148,1967.35,6.7,0.878618987,19.23826715,2.880143935,9.810111786,1.211139278,71.85417851,71,19.83421417,126,5,-0.267386852,2.943977051,1.557,1.907,3.173,12.39,14.502
forte2021_B01E_NS.CSV,B01E,11.17136512,4.906809101,11.82003955,24.07677556,12.17679165,40,29.724,15.5114,16.522,7.707646334,0.948683907,8,8,11.05,6.543542521,13,7.694430151,3.540895912,1.346414127,3.15798229,0,0,0.754032258,568.7679405,17.22725997,16.49210279,5.953970805,6.938536914,5.392665761,4.667,0.629815244,99.37018476,29.724,1671.25,4.5,0.888233361,19.44096134,2.930731189,9.940907727,1.579598386,73.25120824,74,28.52117565,5057,6,80.16488566,14037.93507,1.779,2.365,4.666,11.231,15.1334
forte2021_B01W_EW.CSV,B01W,6.144626799,4.345215168,4.782527834,18.88089486,7.494351939,40,29.874,11.529475,7.379,6.09962899,2.735493468,8,8,5.625,5.051973466,4,6.179442801,3.161115381,1.630567983,3.349486378,0,0,0.816129032,968.9846061,14.90143347,27.33005464,8.763488218,3.256350896,2.781793743,2.491,13.00026831,86.99973169,29.874,2329.5,7.075,0.693594644,11.23249784,2.441250796,8.29290097,1.276931401,67.36848014,67,13.45690912,122,6,-0.119097646,4.473131958,1.457,1.807,2.491,3.722,5.143
forte2021_B01W_NS.CSV,B01W,5.664647177,3.88075628,4.368180557,15.0602693,6.83900506,40,28.898,10.4289,6.3525,6.343947298,2.519492175,7.975578259,8,4.9,4.754485062,3,6.890376959,3.154981703,1.691643362,3.062947665,0,0,0.780833333,327.1823434,9.265704066,15.53476976,7.868752307,3.71011958,3.488096778,2.684,10.35096067,89.64903933,28.898,2206.925,8.425,0.679188209,12.66135823,2.429644184,8.17277002,1.307491545,70.32762543,68,314.5241983,88284,6,278.8710128,78199.24463,1.41,1.915,2.684,3.78,6.593
forte2021_B02E_EW.CSV,B02E,8.408650035,5.422338848,8.265675515,29.40175859,9.968556066,40,29.249,13.863775,11.741,6.648877758,2.121231172,7.95712517,8,8.4,7.413777887,6.5,8,3.549487256,1.727960093,3.207218958,0,0,0.7625,744.1041004,15.9754236,22.11085573,8.408638615,5.503551126,4.482521305,3.809,6.410085298,93.5899147,29.249,2060.55,7.65,0.867259454,17.83205269,2.754946807,9.300274463,1.331416355,71.63083446,72,31.19607368,7480,4,173.5755227,41237.55824,1.314,1.715,3.809,9.2905,11.237
forte2021_B02E_NS.CSV,B02E,6.632787254,4.748663826,4.003721951,22.54980813,8.122803068,40,28.532,10.661075,8.825,6.673803204,2.382512856,8,8,6.45,5.799867372,4,7.878477972,3.80406069,1.875199662,3.854002896,0,0,0.823333333,747.0148535,12.75718584,24.17165826,8.098079685,3.919145384,3.925110496,2.364,7.175937579,92.82406242,28.532,1986.625,6.225,0.829815759,14.045,2.490809266,8.346767271,1.283042309,69.83508606,69,14.67233484,122,0.011,-0.104975046,4.370305871,1.416,1.759,2.364,3.835,10.085
forte2021_B02W_EW.CSV,B02W,13.17953561,7.325438577,13.08218717,53.66205034,15.03398344,40,31.203,22.3963,27.166,4.497093423,3.120047536,4.206530344,8,11.95,8.915414482,11.5,7.04893103,2.221132448,1.931247744,1.858216226,0,0,0.715625,1951.418295,30.73773995,31.72711202,9.123202818,9.728270286,8.273017374,6.805,26.80123127,73.19876873,31.203,2477.25,6.525,0.959737375,27.13969685,3.070311599,10.56345079,1.590379182,68.90429507,70,32.57246469,7177,5,143.1978672,31270.87989,1.507,2.758,6.805,14.538,24.812
forte2021_B02W_NS.CSV,B02W,12.08299532,7.364859835,13.14842142,54.24116039,14.10262058,40,32.597,21.30115,26.5965,5.450610824,2.859540822,6.5530616,8,11.125,8.901706837,10,7.029096953,2.398782392,1.779397638,2.380777523,0,0,0.675735294,1156.396302,23.53111412,24.54960224,10.0691855,9.005733438,7.787018863,6.147,16.44084214,83.55915786,32.597,2245.6,6.6,0.948229071,28.56234396,3.082444238,10.73991466,1.372966473,68.64066055,69,18.96076197,128,1.012,-0.324703885,3.205962403,1.615,2.31,6.147,13.708,22.4154
forte2021_B03E_EW .CSV,B03E,5.634964657,4.183406438,4.214005125,17.50088943,6.986858656,40,28.211,9.800325,6.497,6.329695244,2.58449102,8,8,5.425,5.969527319,3,6.894198497,3.853084354,1.870362538,3.980152009,0,0,0.830172414,582.1382971,10.80236815,21.57422396,7.835933883,3.30658455,3.317693552,2.396,10.76417313,89.23582687,28.211,1924.1,6.75,0.689514911,9.618091698,2.073597547,6.925218554,1.244589651,66.68398968,66,28.55001636,6716,0,183.9479966,42847.33836,1.466,1.818,2.396,3.399,5.303
forte2021_B03E_NS .CSV,B03E,5.552862524,3.076210987,4.610258624,9.463074037,6.32935853,40,28.408,11.114975,7.444,6.359516481,2.177559408,7.946136837,8,4.9,3.628943478,4,7.470047182,3.889573226,1.802166626,3.980724517,0,0,0.801724138,346.8856459,9.356074272,16.10433234,7.921313914,3.853484361,3.774752373,2.765,6.560821591,93.43917841,28.408,2225.075,7.175,0.796267825,13.55020492,2.306714289,7.719813347,1.380877058,66.84561881,67,33.82749515,6562,0.278,154.3819022,28750.66273,1.467,1.822,2.765,4.362,6.4048
forte2021_B03W_EW .CSV,B03W,7.635339388,5.473996914,5.218550986,29.96464222,9.354888226,40,29.412,16.367525,18.6545,6.548409855,2.25232541,8,8,7.5,8.329742816,4,7.927556357,3.68102126,1.865479917,3.763191062,0,0,0.770833333,2499.654271,32.17013972,38.27187454,10.38931723,4.287626824,5.203430959,2.365,7.327961929,92.67203807,29.412,2122.475,12.65,0.787724833,17.41307852,2.497012716,8.443405677,1.222073192,68.58232922,68,331.7001563,93011,6,279.6538257,78359.49208,1.513,1.79,2.365,3.949,11.1213
forte2021_B03W_NS.CSV,B03W,5.742323051,5.062159532,3.595774229,25.62545912,7.613087197,40,31.853,12.463525,4.361,6.083138348,2.433021654,7.332309023,8,4.575,5.732889816,3,7.846337729,3.279437794,1.899389028,3.233962801,0,0,0.777272727,682.0459557,12.77253647,22.77955811,11.55788239,4.468033029,5.452415304,2.314,9.873688959,90.12631104,31.853,2216.875,7.45,0.784387322,18.07528231,2.097658055,7.260270515,1.192054707,66.87330747,68,30.56542812,7573,1,185.2902257,45514.94732,1.369,1.687,2.314,3.645,12.3451
forte2021_B04E_EW.CSV,B04E,7.673675111,4.379407912,6.864462333,19.17921366,8.808236091,40,28.527,14.111075,10.594,5.936310028,2.623195891,7.897845283,8,6.925,5.460287867,5,6.523181113,2.967730333,1.727279514,3.042515263,0,0,0.76,618.1286143,14.53131708,20.17348354,9.128750715,5.203427832,4.799816362,3.066,12.62602405,87.37397595,28.527,1852.45,7.675,0.882635913,19.37038767,2.785079455,9.332386297,1.459557483,66.87489158,67,25.58859742,5209,6,125.6620246,25202.06934,1.61,1.984,3.066,6.826,12.12
forte2021_B04E_NS.CSV,B04E,9.347686734,4.542311367,8.190527302,20.63259256,10.36802898,40,27.655,15.513425,15.71,7.155011312,2.021570122,8,8,9.4,6.823037898,8.5,7.69945291,3.625748355,1.801865885,3.347509907,1,0.025,0.725862069,700.5857552,18.36715485,19.05868248,8.350160692,5.885090357,4.256766326,4.159,6.547718219,93.45228178,27.655,1650.7,8.6,0.891645884,20.09618442,2.876501082,9.549427115,1.389129131,68.41442875,69,16.24111592,581.834,6,0.202782427,19.57573232,2.416,2.844,4.159,7.753,11.8994
forte2021_B04W_EW.CSV,B04W,6.352590537,5.847817193,4.747265566,34.19696593,8.584721795,40,27.174,11.1957,7.449,5.373425845,3.107098315,7.491917262,8,6.525,8.171204914,2,8,3.070823303,2.037338124,2.62751715,0,0,0.799107143,816.5608209,16.20995388,23.53291771,9.448916199,4.040348842,4.454596916,2.058,20.60833005,79.39166995,27.174,1902.875,5.25,0.902656084,17.52336449,2.731077855,9.018730887,0.991346381,60.77538792,63,25.71559673,4637,6,93.22016857,16600.18273,1.258,1.459,2.058,4.474,9.838
forte2021_B04W_NS.CSV,B04W,7.611575352,4.614962465,6.469084432,21.29787855,8.871387204,40,26.401,15.40555,18.1035,5.611158434,2.72097806,6.793552398,8,6.575,5.821654977,5,4.770209116,2.467595788,1.285504984,2.46029903,1,0.025,0.707407407,841.433727,18.58849522,22.26884758,8.677845712,5.76563231,5.113294881,4.1105,14.95031738,85.04968262,26.401,1866.975,7.325,0.927773746,21.26405451,2.828527549,9.258907419,1.626611117,63.97115233,65,14.91313491,724,6,0.878913344,63.91067414,1.609,2.514,4.109,6.716,12.0874
forte2021_C01E_EW.CSV,C01E,11.40757606,4.094443363,12.00420137,16.76446646,12.10281564,40,21.767,15.313375,16.0595,6.652511503,2.511368952,8,8,11.925,5.649540485,13,7.98178493,3.046389984,1.590261662,2.953762984,1,0.025,0.677173913,327.1294706,13.13528965,12.43356893,4.874245812,7.710770129,4.194917772,7.501,10.70404282,89.29595718,21.767,2083.45,5.55,0.90539625,17.09808102,2.86505772,8.825509652,1.693988174,77.22753051,80,17.16411376,132,7,-0.628285791,3.563097574,2.436,3.728,7.501,10.739,13.085
forte2021_C01E_NS.CSV,C01E,10.78785799,4.24698101,11.34083259,18.0368477,11.57427347,40,21.616,14.390125,13.0265,7.303307747,1.618921474,8,8,10.525,5.486521947,10.5,6.79350697,3.589710767,1.502324439,3.560747748,0,0,0.665217391,210.6243177,10.13181933,10.39088807,5.788260317,7.406974077,4.447051242,5.967,2.757080738,97.24291926,21.616,2127.25,3.625,0.933994222,18.81475605,2.808133867,8.630613488,1.630596064,79.85661454,82,16.90842652,983,6,1.000338644,102.2972108,2.619,4.028,5.967,10.685,14.065
forte2021_C01W_EW.CSV,C01W,9.705521925,4.961245991,10.40608233,24.61396178,10.86235022,30,21.223,13.23473333,14.7495,6.514391139,2.582704146,8,8,9.366666667,5.863289258,10,8,3.500518914,2.056290918,3.298333715,1,0.033333333,0.693939394,142.4210137,7.982377958,8.871451729,6.093279208,7.378115849,4.947270882,5.717,12.736784,87.263216,21.223,2657.266667,5.733333333,0.945791041,18.11900533,2.802988139,8.563368417,1.505014508,79.30974698,80,315.8003188,83237,6,262.4938067,69121.36878,1.831,3.194,5.717,11.297,14.924
forte2021_C01W_NS.CSV,C01W,8.887258645,3.983126703,9.409677273,15.86529833,9.718643531,40,21.062,13.06815,15.608,6.139073694,2.512223776,8,8,8.575,5.227577269,9,7.797324611,3.544113027,2.123526399,3.217892063,0,0,0.696590909,308.3616034,12.46558527,12.36813596,5.464160135,5.466909774,4.341192295,3.299,10.92386047,89.07613953,21.062,2145.2,4.75,0.894546526,15.83848034,2.649985366,8.075752146,1.57057918,70.31999163,72,16.11620402,118,6,-0.767243272,4.074506191,1.74,2.172,3.299,9.324,12.1386
forte2021_C02E_EW.CSV,C02E,9.335295413,5.224376598,8.073382626,27.29411083,10.66580979,40,26.804,18.4957,22.879,5.43902133,2.626907011,5.532078165,8,8.125,7.504485838,5,7.662920204,2.7017339,1.75817268,2.274903422,0,0,0.675,1406.504826,28.97542381,23.81028436,8.507520137,6.893651821,6.658913316,3.719,14.311848,85.688152,26.804,2159.35,6.725,0.902833299,21.04447268,2.747063971,9.033860327,1.371977737,70.06189955,71,18.89496262,137,6,-0.442833726,3.480261315,1.764,2.614,3.719,8.131,20.494
forte2021_C02E_NS.CSV,C02E,10.11326724,5.893906608,8.092798621,34.73813511,11.66824134,40,26.819,17.552625,22.394,5.964635144,2.497255305,7.31647397,8,8.675,7.133839546,6,8,3.204818085,2.140988149,3.149450002,0,0,0.673214286,870.3742648,21.09013216,20.6296047,9.016137893,8.078119425,6.701003058,5.762,12.21508192,87.78491808,26.819,1451.2,5.05,0.945793414,23.43526942,2.889582675,9.504156981,1.412644948,72.07079359,74,20.21866485,1129,4.004,3.067968839,178.2320416,1.729,2.512,5.761,12.286,20.3299
forte2021_C02W_EW.CSV,C02W,9.904237918,6.27081242,8.907569355,39.32308841,11.68049399,40,27.775,14.07025,12.7555,6.15166238,2.830855119,8,8,9.35,6.978171092,9,8,3.270647149,2.31749414,2.744268329,0,0,0.769827586,386.2642006,10.31735937,16.72771043,8.400322881,6.634127614,6.133512289,4.564,14.89149271,85.10850729,27.775,2178.55,5.35,0.939096846,21.50497738,2.712006073,9.015077928,1.44466862,68.10602117,69,14.1547316,118,6,-0.414987258,4.076792883,1.609,1.981,4.564,8.6445,14.837
forte2021_C02W_NS.CSV,C02W,10.66322121,4.880601318,10.68434406,23.82026923,11.70166864,40,28.434,18.517475,22.357,5.576296294,2.666870686,6.637470216,8,8.775,6.006353474,8,7.745546343,2.783805549,2.013006988,2.368878553,0,0,0.696551724,1020.230708,20.74780075,24.28496392,9.024384022,8.055904308,6.365620258,7.343,14.35421453,85.64578547,28.434,1621.6,6,0.925906904,23.1423235,2.816772112,9.429385793,1.432424324,72.35294435,73,16.43481954,123,6,-0.556961524,3.816985148,1.638,2.932,7.342,10.12875,18.3497
forte2021_C03E_EW.CSV,C03E,5.358684076,2.918933729,4.756329385,8.520174115,6.078787982,30,22.933,11.8453,10.2865,5.329869823,2.972476901,6.971807326,8,4.5,3.266866051,3.5,7.990290869,2.823116671,1.932992328,2.56012208,1,0.033333333,0.743055556,341.4438497,11.75200058,14.25953478,7.964489135,4.417631905,3.818974844,3.229,18.61790829,81.38209171,24.023,2818.566667,7.166666667,0.802324072,14.14840843,2.224827448,7.072752497,1.332144736,57.94467454,59,14.69760114,118,5,-0.132001513,4.006323001,1.958,2.361,3.229,4.155,9.563
forte2021_C03E_NS.CSV,C03E,8.8766922,4.260325745,8.069874131,18.15037545,9.823048431,40,24.178,18.01145,19.791,4.444637743,2.945428721,4.797496137,8,7.375,6.10878938,3.5,6.487422322,2.276986312,1.918217012,1.629186436,0,0,0.639,801.7811142,23.63944989,15.58709477,4.981902046,6.213911756,5.668639644,3.089,25.86181372,74.13818628,24.178,2364.325,5.05,0.857021391,18.08255862,2.51082044,7.998075718,1.316662673,57.89705319,59,19.86190171,836,5,0.791035488,36.17662718,1.606,2.007,3.089,10.45425,15.449
forte2021_C03W_EW.CSV,C03W,7.559331443,4.203432443,6.63048427,17.66884431,8.623839926,40,25.232,12.3603,10.6635,6.343802693,2.507159831,8,8,7.1,4.499572629,6,7.275442045,3.396047433,1.890276363,3.642191043,0,0,0.759615385,278.560625,10.15177755,13.2477182,7.870534349,5.543317347,4.877195748,3.256,9.819420784,90.18057922,25.232,2201.375,7.3,0.901163558,17.68534239,2.597630457,8.385444727,1.322694206,70.63275218,72,14.73132948,122,0.421,-0.592886107,4.246077478,1.816,2.335,3.256,7.3,12.4172
forte2021_C03W_NS.CSV,C03W,6.795558437,3.631843175,6.548475138,13.19028485,7.683758338,40,23.412,13.538175,14.369,5.402351386,2.725452443,5.950875818,8,5.525,3.700225218,4,7.511822247,3.110470749,2.122613968,2.952301618,1,0.025,0.682291667,342.6490216,11.37794843,14.60107226,8.240387158,5.303602053,4.087490255,3.807,19.59245575,80.40754425,23.412,2456.3,7.825,0.922975141,19.25584765,2.492457813,7.859339386,1.412414647,68.2527026,68,21.84676964,4459,5,102.5964076,20654.76135,1.8602,2.417,3.807,6.895,10.474
forte2021_C04E_EW.CSV,C04E,8.060090377,3.707141281,6.699392484,13.74289648,8.852365839,40,22.148,14.6216,15.214,4.728060318,2.838224483,4.63437322,8,6.925,4.310913402,6,7.42791271,2.379129822,1.746234533,2.282205201,0,0,0.67173913,198.0127304,9.775110042,10.12225045,5.281106492,5.798440542,3.983644095,4.49,20.10455466,79.89544534,22.148,1913,4.975,0.94921111,19.45477816,2.603167888,8.063956034,1.60327884,65.15993784,67,16.26441291,729,5,0.308773527,49.11507036,2.006,2.853,4.49,7.943,11.7044
forte2021_C04E_NS.CSV,C04E,7.287265773,4.027615647,5.962636285,16.2216878,8.301830403,40,19.397,9.77075,8.647,6.613342053,2.523509032,8,8,7.3,4.894790533,5,7.443449065,3.671123134,1.988146729,4.056477972,0,0,0.72625,82.43134787,5.272602202,7.391279584,5.3083708,4.821552748,3.385575585,4.328,7.88488913,92.11511087,19.52,1703.7,3.85,0.90007376,14.27835665,2.436700379,7.240507952,1.415859644,72.05461203,73,15.3173718,129,3,-0.658140569,4.211404114,1.558,2.159,4.328,5.71,9.4212
forte2021_C04W_EW.CSV,C04W,11.90373105,4.335637798,12.18834042,18.79775512,12.65016301,40,44.268,17.820125,19.706,7.420665297,1.097502364,8,8,11.775,5.976395878,13,7.230755322,3.342120565,1.130857705,3.221668088,0,0,0.807777778,632.8474704,17.8999943,17.67590661,6.416958938,8.265391229,5.03087043,6.8465,1.178445637,98.82155436,44.268,1519.075,6.15,0.839425904,19.92609854,2.924896669,11.0861249,1.482122476,76.03397905,78,17.36651531,125,7,-0.747754419,3.908453357,2.113,4.59,6.846,12.775,15.598
forte2021_C04W_NS.CSV,C04W,12.35364126,4.772834151,13.25882156,22.77994583,13.22206109,40,21.805,18.639075,19.6835,6.599062231,1.707701508,7.496503615,8,12.65,6.623772262,15,8,3.047391681,1.642054287,2.755431567,0,0,0.569565217,638.9990852,20.42023983,14.90009699,4.035232414,8.956648157,6.214192364,6.965,3.871656731,96.12834327,21.805,1568.575,3.35,0.903176709,19.05419198,2.844238269,8.766338552,1.851926436,70.58180371,71,21.18774494,128,4,-0.367618068,2.651555471,2.011,3.502,6.965,15.43675,17.51
forte2021_D01E_EW.CSV,D01E,10.25591717,3.032056151,10.37004482,9.193364501,10.68397713,40,19.213,14.681725,15.372,7.003705653,1.716294691,8,8,11.125,4.78880907,12.5,6.546304664,3.112411046,1.349293731,2.840390912,0,0,0.55375,206.4878367,11.84844342,8.130327496,3.173967153,6.928826949,3.866790364,5.896,3.304601735,96.69539826,19.213,2671.275,4.05,0.896364675,16.26247289,2.764679244,8.171250401,1.83714698,72.67093177,75,15.95384848,124,6,-0.786343351,3.9707431,2.502,4.296,5.896,9.238,13.23
forte2021_D01E_NS.CSV,D01E,9.579556343,2.9864118,9.340478986,8.918655438,10.02315264,40,19.071,13.7944,14.2125,5.282387664,2.45384864,5.447792815,8,9.025,4.275676585,9.5,7.27305357,2.625140802,1.635167469,2.305354654,0,0,0.61125,223.809581,10.83109431,10.31973726,3.101147925,7.608086081,4.346508544,6.795,12.47550057,87.52449943,19.071,2895.475,2.85,0.930389013,16.66167097,2.766096346,8.154919102,1.848462318,69.16833916,73,17.60908172,122,5,-0.843796582,3.504892354,2.003,3.444,6.795,11.26,13.661
forte2021_D01W_EW.CSV,D01W,9.320350948,3.704207146,9.273513546,13.72115058,10.01234556,40,19.958,15.1033,15.801,6.643624897,1.852803736,7.960490979,8,9.175,5.60168244,9,5.951894152,2.92252533,1.273209613,2.878839648,0,0,0.557142857,342.532642,14.36081235,11.6747467,3.272792607,6.102912315,4.106205634,4.779,4.430114731,95.56988527,19.958,2686.725,3.55,0.887259296,16.9963154,2.820408645,8.443260116,1.956209696,67.4469067,70,18.01404419,123,4,-0.557557159,3.127867062,2.052,2.877,4.779,8.432,11.638
forte2021_D01W_NS.CSV,D01W,8.770666174,4.51722538,9.964289904,20.40532514,9.839704119,40,20.063,13.144725,14.81,5.180613544,2.664298518,5.827877182,8,8.45,5.674730311,7.5,7.351225125,2.308509785,1.501238019,1.887410025,2,0.05,0.675,253.2721122,11.20584539,11.30049296,5.882557241,7.174992425,5.067998698,4.545,16.53795782,83.46204218,20.063,2767.875,3.1,0.921654571,16.63965171,2.708425522,8.12223588,1.666532424,68.0500514,71,18.38714765,123,5,-0.56476435,3.000513036,2.254,3.07,4.545,12.012,15.397
forte2021_D02E_EW.CSV,D02E,7.177202425,4.144950287,7.326623782,17.18061288,8.262162683,40,22.398,14.068675,16.55,3.978931095,2.924729627,3.762594901,8,5.825,5.058060336,4,8,1.968436766,2.104736228,1.268857641,1,0.025,0.642391304,380.3214398,13.19882208,14.35661992,6.934410945,5.358087163,4.248597996,3.5725,29.43030676,70.56969324,22.398,2601.4,5.075,0.945480314,19.54161401,2.531685974,7.870939969,1.380310862,59.72257933,62,34.52468039,8271,5,183.2312759,43578.86161,1.822,2.299,3.5725,7.028,12.298
forte2021_D02E_NS.CSV,D02E,9.04554841,4.980593774,7.369189838,24.80631435,10.29602363,40,22.119,17.123975,19.5555,4.063925148,2.884045081,3.980999687,8,7.875,6.144363688,6,6.8688174,2.083508018,1.736071983,1.903095309,0,0,0.620652174,376.3480656,13.86478289,13.56892999,5.700808433,7.612191074,5.597630042,6.085,28.30263344,71.69736656,22.119,2653.375,5.825,0.95352603,20.22936389,2.836231533,8.782212166,1.282254273,64.30344565,66,18.26098627,122,5,-0.41632863,3.067806248,1.797,2.572,6.085,11.454,17.848
forte2021_D02W_EW.CSV,D02W,7.988162093,3.553951516,7.048620197,12.63057138,8.72499517,40,20.598,14.57955,16.7895,3.834313096,2.931803647,3.006610707,8,6.125,4.455981287,5,7.966627157,2.079952213,2.077712589,0.92829781,0,0,0.638636364,319.5585929,13.41209138,11.81839235,5.55847664,5.782472914,4.57952113,4.336,29.21770577,70.78229423,20.598,2820.55,4.125,0.949132442,18.86641791,2.466408406,7.46136387,1.595605016,59.43971098,61,14.79101224,112,5,-0.654029999,3.686475348,1.621,2.324,4.336,7.88275,13.646
forte2021_D02W_NS.CSV,D02W,7.945413584,4.827108651,6.42651729,23.30097792,9.265422305,40,21.571,14.325575,18.6345,4.433565367,3.029440381,4.642892376,8,7.2,5.805390952,5,7.089071431,2.80867413,2.384282962,2.451727868,0,0,0.672826087,355.5672853,12.28729223,14.30348681,6.911574662,5.26097306,5.03069263,3.05,25.59284198,74.40715802,21.571,2732.6,7.95,0.930415149,18.50132734,2.296366141,7.052943734,1.41750423,59.03394944,60,13.77058599,111,0.496,-0.609671421,4.166122782,1.547,1.847,3.05,5.838,15.431
forte2021_D03E_EW.CSV,D03E,9.355228439,4.954109315,9.08609748,24.54319911,10.55698434,40,22.166,14.467675,16.1645,4.904848033,3.122771379,6.05814842,8,8.8,6.085712566,7.5,7.046605951,2.596214854,2.133517966,2.271815939,2,0.05,0.70326087,287.5086366,10.70492384,13.14964799,6.094811709,7.860515306,5.419070227,6.022,23.6991256,76.3008744,22.166,2681.95,4.35,0.950933384,18.94965675,2.753608073,8.532218683,1.64701109,71.82607437,74,17.71204723,119,5,-0.93163996,3.966345885,2.286,3.397,6.022,11.541,16.495
forte2021_D03E_NS.CSV,D03E,12.30886526,4.609499507,12.5,21.24748571,13.12343182,40,21.94,17.47735,18.7765,3.310065686,2.899029752,2.96692957,8,11.975,5.8550329,12,5.569989302,1.498557356,1.391011159,1.04393069,0,0,0.656521739,297.4277093,11.8836728,12.49824108,3.889653478,9.286721416,5.395713983,8.485,37.64727448,62.35272552,21.94,3000.35,3.25,0.942882229,19.14417178,2.8783601,8.889272468,1.830766449,68.33083882,70,21.28722661,137,5,-0.339093293,2.697451959,2.865,4.662,8.485,13.185,17.788
forte2021_D03W_EW.CSV,D03W,8.470310959,4.319931228,7.938915554,18.66180581,9.483745484,40,18.582,12.0967,12.708,5.154446479,3.219845236,7.074941772,8,8.325,5.68122188,6.5,5.925178251,2.62831706,1.854600961,2.813569922,1,0.025,0.66875,129.9679319,7.727270619,8.381958047,5.515756201,6.256636148,3.844524867,5.633,22.80447663,77.19552337,18.582,2848.25,4.3,0.918345918,15.82000451,2.779989745,8.123667602,1.748690961,72.78231107,74,206.6321468,61155,5,293.7386665,86832.27394,2.116,3.196,5.6325,8.059,10.811
forte2021_D03W_NS.CSV,D03W,7.804007493,4.350471835,6.855479148,18.92660519,8.908196956,40,20.906,13.377675,15.63,5.305579403,2.91550061,6.762298818,8,6.775,4.79041511,6,8,3.031328528,2.22475799,2.87082341,0,0,0.693181818,118.6574306,7.90497827,7.494581319,5.853003574,5.839670794,4.715342224,3.391,17.08874409,82.91125591,20.906,3245.85,5.375,0.949128387,18.44635628,2.458946187,7.475285419,1.33487303,68.26409959,70,14.82709762,120,5,-0.821138106,4.549332289,1.607,2.007,3.391,8.6635,13.381
forte2021_D04E_EW.CSV,D04E,6.003294618,2.798658554,5.359060916,7.832489705,6.608798963,40,15.492,9.5211,9.662,3.513337042,3.049672082,3.076054419,8,5.175,3.411049166,4,6.070918997,1.702693084,1.653733646,1.29540483,2,0.05,0.6078125,22.4121185,3.563098729,3.11712142,4.126946961,4.853327698,2.744913879,4.102,37.42052679,62.57947321,15.492,3055.275,4.25,0.887324205,12.49276224,2.123355833,5.818682445,1.579876844,62.29518166,64,15.92981762,108,5,-0.638349844,3.544698417,2.101,2.697,4.102,6.517,8.487
forte2021_D04E_NS.CSV,D04E,6.294413348,3.740964425,6.133157895,13.99481483,7.29825896,40,16.901,9.6261,9.7755,1.627220383,2.038160433,0.743412737,6.844751942,5.425,3.72026674,5.5,4.51278598,0.830422917,1.128115177,0.332428219,3,0.075,0.720833333,49.50703115,3.781835352,5.933359295,5.373900869,5.559608635,3.741415747,4.295,59.76543586,40.23456414,16.901,4182.225,3.575,0.946090711,14.55891892,2.171301482,6.139078733,1.444354741,58.54651076,60,17.16898812,106,4,-0.413779905,3.021512223,1.881,2.724,4.295,7.531,11.8506
forte2021_D04W_EW.CSV,D04W,5.303898626,3.188655111,4.663506288,10.16752142,6.16803648,40,14.547,8.25595,9.622,2.135552249,2.566683844,1.081604935,8,4.3,3.212156397,3,5.989028194,1.089206457,1.435094212,0.537437399,5,0.125,0.68125,20.65219369,2.868285099,3.524930394,4.541299757,4.741016572,3.105301635,3.441,54.39776679,45.60223321,14.547,3824.1,4.225,0.92060771,12.21843805,2.152750927,5.763742582,1.565673162,57.27662533,60,17.7782421,115,5,-0.338849142,2.777307814,1.85,2.354,3.441,6.957,9.957
forte2021_D04W_NS.CSV,D04W,5.546287824,3.790936086,4.376623839,14.37119641,6.691279782,40,16.618,9.3595,9.1325,3.088003859,2.804641944,2.225878053,8,4.55,3.754996671,3,4.741000978,1.290436517,1.254499129,1.07675639,5,0.125,0.630555556,33.97179695,3.655820006,4.539468805,4.805841382,4.802796202,3.427933904,3.382,40.76279484,59.23720516,16.618,3140.425,2.5,0.877088601,13.42109256,2.288092828,6.430653878,1.4495071,60.56843746,62,18.35471771,117,5,-0.322069558,2.846243817,1.898,2.497,3.382,5.971,10.5353
